"province","last_updated","date","change_cases","change_fatalities","change_tests","change_hospitalizations","change_criticals","change_recoveries","change_vaccinations","change_vaccinated","change_boosters_1","change_vaccines_distributed","total_cases","total_fatalities","total_tests","total_hospitalizations","total_criticals","total_recoveries","total_vaccinations","total_vaccinated","total_boosters_1","total_vaccines_distributed","change_boosters_2","change_active","total_active","positivity_rate"
"NB","2022-03-01 18:28:44",2020-01-25,0,0,0,0,0,0,0,0,0,0,0,0,0,0,0,0,0,0,0,0,NA,0,0,NA
"NB","2022-03-01 18:28:44",2020-01-26,0,0,0,0,0,0,0,0,0,0,0,0,0,0,0,0,0,0,0,0,NA,0,0,NA
"NB","2022-03-01 18:28:44",2020-01-27,0,0,0,0,0,0,0,0,0,0,0,0,0,0,0,0,0,0,0,0,NA,0,0,NA
"NB","2022-03-01 18:28:44",2020-01-28,0,0,0,0,0,0,0,0,0,0,0,0,0,0,0,0,0,0,0,0,NA,0,0,NA
"NB","2022-03-01 18:28:44",2020-01-29,0,0,0,0,0,0,0,0,0,0,0,0,0,0,0,0,0,0,0,0,NA,0,0,NA
"NB","2022-03-01 18:28:44",2020-01-30,0,0,0,0,0,0,0,0,0,0,0,0,0,0,0,0,0,0,0,0,NA,0,0,NA
"NB","2022-03-01 18:28:44",2020-01-31,0,0,0,0,0,0,0,0,0,0,0,0,0,0,0,0,0,0,0,0,NA,0,0,NA
"NB","2022-03-01 18:28:44",2020-02-01,0,0,0,0,0,0,0,0,0,0,0,0,0,0,0,0,0,0,0,0,NA,0,0,NA
"NB","2022-03-01 18:28:44",2020-02-02,0,0,0,0,0,0,0,0,0,0,0,0,0,0,0,0,0,0,0,0,NA,0,0,NA
"NB","2022-03-01 18:28:44",2020-02-03,0,0,0,0,0,0,0,0,0,0,0,0,0,0,0,0,0,0,0,0,NA,0,0,NA
"NB","2022-03-01 18:28:44",2020-02-04,0,0,0,0,0,0,0,0,0,0,0,0,0,0,0,0,0,0,0,0,NA,0,0,NA
"NB","2022-03-01 18:28:44",2020-02-05,0,0,0,0,0,0,0,0,0,0,0,0,0,0,0,0,0,0,0,0,NA,0,0,NA
"NB","2022-03-01 18:28:44",2020-02-06,0,0,0,0,0,0,0,0,0,0,0,0,0,0,0,0,0,0,0,0,NA,0,0,NA
"NB","2022-03-01 18:28:44",2020-02-07,0,0,0,0,0,0,0,0,0,0,0,0,0,0,0,0,0,0,0,0,NA,0,0,NA
"NB","2022-03-01 18:28:44",2020-02-08,0,0,0,0,0,0,0,0,0,0,0,0,0,0,0,0,0,0,0,0,NA,0,0,NA
"NB","2022-03-01 18:28:44",2020-02-09,0,0,0,0,0,0,0,0,0,0,0,0,0,0,0,0,0,0,0,0,NA,0,0,NA
"NB","2022-03-01 18:28:44",2020-02-10,0,0,0,0,0,0,0,0,0,0,0,0,0,0,0,0,0,0,0,0,NA,0,0,NA
"NB","2022-03-01 18:28:44",2020-02-11,0,0,0,0,0,0,0,0,0,0,0,0,0,0,0,0,0,0,0,0,NA,0,0,NA
"NB","2022-03-01 18:28:44",2020-02-12,0,0,0,0,0,0,0,0,0,0,0,0,0,0,0,0,0,0,0,0,NA,0,0,NA
"NB","2022-03-01 18:28:44",2020-02-13,0,0,0,0,0,0,0,0,0,0,0,0,0,0,0,0,0,0,0,0,NA,0,0,NA
"NB","2022-03-01 18:28:44",2020-02-14,0,0,0,0,0,0,0,0,0,0,0,0,0,0,0,0,0,0,0,0,NA,0,0,NA
"NB","2022-03-01 18:28:44",2020-02-15,0,0,0,0,0,0,0,0,0,0,0,0,0,0,0,0,0,0,0,0,NA,0,0,NA
"NB","2022-03-01 18:28:44",2020-02-16,0,0,0,0,0,0,0,0,0,0,0,0,0,0,0,0,0,0,0,0,NA,0,0,NA
"NB","2022-03-01 18:28:44",2020-02-17,0,0,0,0,0,0,0,0,0,0,0,0,0,0,0,0,0,0,0,0,NA,0,0,NA
"NB","2022-03-01 18:28:44",2020-02-18,0,0,0,0,0,0,0,0,0,0,0,0,0,0,0,0,0,0,0,0,NA,0,0,NA
"NB","2022-03-01 18:28:44",2020-02-19,0,0,0,0,0,0,0,0,0,0,0,0,0,0,0,0,0,0,0,0,NA,0,0,NA
"NB","2022-03-01 18:28:44",2020-02-20,0,0,0,0,0,0,0,0,0,0,0,0,0,0,0,0,0,0,0,0,NA,0,0,NA
"NB","2022-03-01 18:28:44",2020-02-21,0,0,0,0,0,0,0,0,0,0,0,0,0,0,0,0,0,0,0,0,NA,0,0,NA
"NB","2022-03-01 18:28:44",2020-02-22,0,0,0,0,0,0,0,0,0,0,0,0,0,0,0,0,0,0,0,0,NA,0,0,NA
"NB","2022-03-01 18:28:44",2020-02-23,0,0,0,0,0,0,0,0,0,0,0,0,0,0,0,0,0,0,0,0,NA,0,0,NA
"NB","2022-03-01 18:28:44",2020-02-24,0,0,0,0,0,0,0,0,0,0,0,0,0,0,0,0,0,0,0,0,NA,0,0,NA
"NB","2022-03-01 18:28:44",2020-02-25,0,0,0,0,0,0,0,0,0,0,0,0,0,0,0,0,0,0,0,0,NA,0,0,NA
"NB","2022-03-01 18:28:44",2020-02-26,0,0,0,0,0,0,0,0,0,0,0,0,0,0,0,0,0,0,0,0,NA,0,0,NA
"NB","2022-03-01 18:28:44",2020-02-27,0,0,0,0,0,0,0,0,0,0,0,0,0,0,0,0,0,0,0,0,NA,0,0,NA
"NB","2022-03-01 18:28:44",2020-02-28,0,0,0,0,0,0,0,0,0,0,0,0,0,0,0,0,0,0,0,0,NA,0,0,NA
"NB","2022-03-01 18:28:44",2020-02-29,0,0,0,0,0,0,0,0,0,0,0,0,0,0,0,0,0,0,0,0,NA,0,0,NA
"NB","2022-03-01 18:28:44",2020-03-01,0,0,0,0,0,0,0,0,0,0,0,0,0,0,0,0,0,0,0,0,NA,0,0,NA
"NB","2022-03-01 18:28:44",2020-03-02,0,0,0,0,0,0,0,0,0,0,0,0,0,0,0,0,0,0,0,0,NA,0,0,NA
"NB","2022-03-01 18:28:44",2020-03-03,0,0,0,0,0,0,0,0,0,0,0,0,0,0,0,0,0,0,0,0,NA,0,0,NA
"NB","2022-03-01 18:28:44",2020-03-04,0,0,0,0,0,0,0,0,0,0,0,0,0,0,0,0,0,0,0,0,NA,0,0,NA
"NB","2022-03-01 18:28:44",2020-03-05,0,0,0,0,0,0,0,0,0,0,0,0,0,0,0,0,0,0,0,0,NA,0,0,NA
"NB","2022-03-01 18:28:44",2020-03-06,0,0,0,0,0,0,0,0,0,0,0,0,0,0,0,0,0,0,0,0,NA,0,0,NA
"NB","2022-03-01 18:28:44",2020-03-07,0,0,0,0,0,0,0,0,0,0,0,0,0,0,0,0,0,0,0,0,NA,0,0,NA
"NB","2022-03-01 18:28:44",2020-03-08,0,0,0,0,0,0,0,0,0,0,0,0,0,0,0,0,0,0,0,0,NA,0,0,NA
"NB","2022-03-01 18:28:44",2020-03-09,0,0,0,0,0,0,0,0,0,0,0,0,0,0,0,0,0,0,0,0,NA,0,0,NA
"NB","2022-03-01 18:28:44",2020-03-10,0,0,9,0,0,0,0,0,0,0,0,0,9,0,0,0,0,0,0,0,NA,0,0,0
"NB","2022-03-01 18:28:44",2020-03-11,1,0,3,0,0,0,0,0,0,0,1,0,12,0,0,0,0,0,0,0,NA,1,1,0.333333333333333
"NB","2022-03-01 18:28:44",2020-03-12,0,0,1,0,0,0,0,0,0,0,1,0,13,0,0,0,0,0,0,0,NA,0,1,0
"NB","2022-03-01 18:28:44",2020-03-13,0,0,0,0,0,0,0,0,0,0,1,0,13,0,0,0,0,0,0,0,NA,0,1,NA
"NB","2022-03-01 18:28:44",2020-03-14,1,0,6,0,0,0,0,0,0,0,2,0,19,0,0,0,0,0,0,0,NA,1,2,0.166666666666667
"NB","2022-03-01 18:28:44",2020-03-15,4,0,1,0,0,0,0,0,0,0,6,0,20,0,0,0,0,0,0,0,NA,4,6,4
"NB","2022-03-01 18:28:44",2020-03-16,1,0,21,0,0,0,0,0,0,0,7,0,41,0,0,0,0,0,0,0,NA,1,7,0.0476190476190476
"NB","2022-03-01 18:28:44",2020-03-17,1,0,161,0,0,0,0,0,0,0,8,0,202,0,0,0,0,0,0,0,NA,1,8,0.0062111801242236
"NB","2022-03-01 18:28:44",2020-03-18,3,0,2,0,0,0,0,0,0,0,11,0,204,0,0,0,0,0,0,0,NA,3,11,1.5
"NB","2022-03-01 18:28:44",2020-03-19,0,0,316,0,0,0,0,0,0,0,11,0,520,0,0,0,0,0,0,0,NA,0,11,0
"NB","2022-03-01 18:28:44",2020-03-20,0,0,0,0,0,0,0,0,0,0,11,0,520,0,0,0,0,0,0,0,NA,0,11,NA
"NB","2022-03-01 18:28:44",2020-03-21,6,0,268,0,0,0,0,0,0,0,17,0,788,0,0,0,0,0,0,0,NA,6,17,0.0223880597014925
"NB","2022-03-01 18:28:44",2020-03-22,0,0,70,0,0,0,0,0,0,0,17,0,858,0,0,0,0,0,0,0,NA,0,17,0
"NB","2022-03-01 18:28:44",2020-03-23,0,0,238,0,0,0,0,0,0,0,17,0,1096,0,0,0,0,0,0,0,NA,0,17,0
"NB","2022-03-01 18:28:44",2020-03-24,1,0,159,0,0,0,0,0,0,0,18,0,1255,0,0,0,0,0,0,0,NA,1,18,0.00628930817610063
"NB","2022-03-01 18:28:44",2020-03-25,8,0,295,0,0,0,0,0,0,0,26,0,1550,0,0,0,0,0,0,0,NA,8,26,0.0271186440677966
"NB","2022-03-01 18:28:44",2020-03-26,7,0,278,0,0,0,0,0,0,0,33,0,1828,0,0,0,0,0,0,0,NA,7,33,0.0251798561151079
"NB","2022-03-01 18:28:44",2020-03-27,12,0,191,0,0,1,0,0,0,0,45,0,2019,0,0,1,0,0,0,0,NA,11,44,0.06282722513089
"NB","2022-03-01 18:28:44",2020-03-28,6,0,586,0,0,1,0,0,0,0,51,0,2605,0,0,2,0,0,0,0,NA,5,49,0.0102389078498294
"NB","2022-03-01 18:28:44",2020-03-29,15,0,326,0,0,0,0,0,0,0,66,0,2931,0,0,2,0,0,0,0,NA,15,64,0.0460122699386503
"NB","2022-03-01 18:28:44",2020-03-30,2,0,303,0,0,0,0,0,0,0,68,0,3234,0,0,2,0,0,0,0,NA,2,66,0.0066006600660066
"NB","2022-03-01 18:28:44",2020-03-31,2,0,302,1,0,7,0,0,0,0,70,0,3536,1,0,9,0,0,0,0,NA,-5,61,0.00662251655629139
"NB","2022-03-01 18:28:44",2020-04-01,11,0,494,3,0,5,0,0,0,0,81,0,4030,4,0,14,0,0,0,0,NA,6,67,0.0222672064777328
"NB","2022-03-01 18:28:44",2020-04-02,10,0,285,-1,1,8,0,0,0,0,91,0,4315,3,1,22,0,0,0,0,NA,2,69,0.0350877192982456
"NB","2022-03-01 18:28:44",2020-04-03,4,0,591,1,0,3,0,0,0,0,95,0,4906,4,1,25,0,0,0,0,NA,1,70,0.00676818950930626
"NB","2022-03-01 18:28:44",2020-04-04,3,0,442,0,0,3,0,0,0,0,98,0,5348,4,1,28,0,0,0,0,NA,0,70,0.00678733031674208
"NB","2022-03-01 18:28:44",2020-04-05,3,0,195,0,0,0,0,0,0,0,101,0,5543,4,1,28,0,0,0,0,NA,3,73,0.0153846153846154
"NB","2022-03-01 18:28:44",2020-04-06,2,0,265,3,2,2,0,0,0,0,103,0,5808,7,3,30,0,0,0,0,NA,0,73,0.00754716981132075
"NB","2022-03-01 18:28:44",2020-04-07,2,0,304,0,1,9,0,0,0,0,105,0,6112,7,4,39,0,0,0,0,NA,-7,66,0.00657894736842105
"NB","2022-03-01 18:28:44",2020-04-08,3,0,437,-1,0,11,0,0,0,0,108,0,6549,6,4,50,0,0,0,0,NA,-8,58,0.0068649885583524
"NB","2022-03-01 18:28:44",2020-04-09,3,0,381,-1,0,3,0,0,0,0,111,0,6930,5,4,53,0,0,0,0,NA,0,58,0.0078740157480315
"NB","2022-03-01 18:28:44",2020-04-10,1,0,423,0,-1,7,0,0,0,0,112,0,7353,5,3,60,0,0,0,0,NA,-6,52,0.00236406619385343
"NB","2022-03-01 18:28:44",2020-04-11,0,0,330,0,0,10,0,0,0,0,112,0,7683,5,3,70,0,0,0,0,NA,-10,42,0
"NB","2022-03-01 18:28:44",2020-04-12,2,0,280,2,0,0,0,0,0,0,114,0,7963,7,3,70,0,0,0,0,NA,2,44,0.00714285714285714
"NB","2022-03-01 18:28:44",2020-04-13,2,0,0,-2,0,4,0,0,0,0,116,0,7963,5,3,74,0,0,0,0,NA,-2,42,Inf
"NB","2022-03-01 18:28:44",2020-04-14,0,0,486,0,0,1,0,0,0,0,116,0,8449,5,3,75,0,0,0,0,NA,-1,41,0
"NB","2022-03-01 18:28:44",2020-04-15,1,0,375,0,0,2,0,0,0,0,117,0,8824,5,3,77,0,0,0,0,NA,-1,40,0.00266666666666667
"NB","2022-03-01 18:28:44",2020-04-16,0,0,490,1,0,3,0,0,0,0,117,0,9314,6,3,80,0,0,0,0,NA,-3,37,0
"NB","2022-03-01 18:28:44",2020-04-17,0,0,586,-1,0,3,0,0,0,0,117,0,9900,5,3,83,0,0,0,0,NA,-3,34,0
"NB","2022-03-01 18:28:44",2020-04-18,1,0,447,0,0,4,0,0,0,0,118,0,10347,5,3,87,0,0,0,0,NA,-3,31,0.00223713646532438
"NB","2022-03-01 18:28:44",2020-04-19,0,0,395,0,0,5,0,0,0,0,118,0,10742,5,3,92,0,0,0,0,NA,-5,26,0
"NB","2022-03-01 18:28:44",2020-04-20,0,0,228,0,-1,6,0,0,0,0,118,0,10970,5,2,98,0,0,0,0,NA,-6,20,0
"NB","2022-03-01 18:28:44",2020-04-21,0,0,311,0,-1,4,0,0,0,0,118,0,11281,5,1,102,0,0,0,0,NA,-4,16,0
"NB","2022-03-01 18:28:44",2020-04-22,0,0,260,0,0,2,0,0,0,0,118,0,11541,5,1,104,0,0,0,0,NA,-2,14,0
"NB","2022-03-01 18:28:44",2020-04-23,0,0,473,0,0,0,0,0,0,0,118,0,12014,5,1,104,0,0,0,0,NA,0,14,0
"NB","2022-03-01 18:28:44",2020-04-24,0,0,404,-1,0,3,0,0,0,0,118,0,12418,4,1,107,0,0,0,0,NA,-3,11,0
"NB","2022-03-01 18:28:44",2020-04-25,0,0,368,0,-1,0,0,0,0,0,118,0,12786,4,0,107,0,0,0,0,NA,0,11,0
"NB","2022-03-01 18:28:44",2020-04-26,0,0,240,0,0,4,0,0,0,0,118,0,13026,4,0,111,0,0,0,0,NA,-4,7,0
"NB","2022-03-01 18:28:44",2020-04-27,0,0,170,-1,0,1,0,0,0,0,118,0,13196,3,0,112,0,0,0,0,NA,-1,6,0
"NB","2022-03-01 18:28:44",2020-04-28,0,0,234,-2,0,2,0,0,0,0,118,0,13430,1,0,114,0,0,0,0,NA,-2,4,0
"NB","2022-03-01 18:28:44",2020-04-29,0,0,269,0,0,0,0,0,0,0,118,0,13699,1,0,114,0,0,0,0,NA,0,4,0
"NB","2022-03-01 18:28:44",2020-04-30,0,0,418,-1,0,0,0,0,0,0,118,0,14117,0,0,114,0,0,0,0,NA,0,4,0
"NB","2022-03-01 18:28:44",2020-05-01,0,0,525,0,0,2,0,0,0,0,118,0,14642,0,0,116,0,0,0,0,NA,-2,2,0
"NB","2022-03-01 18:28:44",2020-05-02,0,0,416,0,0,2,0,0,0,0,118,0,15058,0,0,118,0,0,0,0,NA,-2,0,0
"NB","2022-03-01 18:28:44",2020-05-03,0,0,308,0,0,0,0,0,0,0,118,0,15366,0,0,118,0,0,0,0,NA,0,0,0
"NB","2022-03-01 18:28:44",2020-05-04,0,0,219,0,0,0,0,0,0,0,118,0,15585,0,0,118,0,0,0,0,NA,0,0,0
"NB","2022-03-01 18:28:44",2020-05-05,1,0,171,0,0,0,0,0,0,0,119,0,15756,0,0,118,0,0,0,0,NA,1,1,0.00584795321637427
"NB","2022-03-01 18:28:44",2020-05-06,1,0,490,0,0,0,0,0,0,0,120,0,16246,0,0,118,0,0,0,0,NA,1,2,0.00204081632653061
"NB","2022-03-01 18:28:44",2020-05-07,0,0,379,0,0,0,0,0,0,0,120,0,16625,0,0,118,0,0,0,0,NA,0,2,0
"NB","2022-03-01 18:28:44",2020-05-08,0,0,404,0,0,0,0,0,0,0,120,0,17029,0,0,118,0,0,0,0,NA,0,2,0
"NB","2022-03-01 18:28:44",2020-05-09,0,0,397,0,0,0,0,0,0,0,120,0,17426,0,0,118,0,0,0,0,NA,0,2,0
"NB","2022-03-01 18:28:44",2020-05-10,0,0,346,0,0,0,0,0,0,0,120,0,17772,0,0,118,0,0,0,0,NA,0,2,0
"NB","2022-03-01 18:28:44",2020-05-11,0,0,290,0,0,0,0,0,0,0,120,0,18062,0,0,118,0,0,0,0,NA,0,2,0
"NB","2022-03-01 18:28:44",2020-05-12,0,0,317,0,0,0,0,0,0,0,120,0,18379,0,0,118,0,0,0,0,NA,0,2,0
"NB","2022-03-01 18:28:44",2020-05-13,0,0,479,0,0,0,0,0,0,0,120,0,18858,0,0,118,0,0,0,0,NA,0,2,0
"NB","2022-03-01 18:28:44",2020-05-14,0,0,449,0,0,0,0,0,0,0,120,0,19307,0,0,118,0,0,0,0,NA,0,2,0
"NB","2022-03-01 18:28:44",2020-05-15,0,0,406,0,0,1,0,0,0,0,120,0,19713,0,0,119,0,0,0,0,NA,-1,1,0
"NB","2022-03-01 18:28:44",2020-05-16,0,0,319,0,0,1,0,0,0,0,120,0,20032,0,0,120,0,0,0,0,NA,-1,0,0
"NB","2022-03-01 18:28:44",2020-05-17,0,0,285,0,0,0,0,0,0,0,120,0,20317,0,0,120,0,0,0,0,NA,0,0,0
"NB","2022-03-01 18:28:44",2020-05-18,0,0,256,0,0,0,0,0,0,0,120,0,20573,0,0,120,0,0,0,0,NA,0,0,0
"NB","2022-03-01 18:28:44",2020-05-19,0,0,218,0,0,0,0,0,0,0,120,0,20791,0,0,120,0,0,0,0,NA,0,0,0
"NB","2022-03-01 18:28:44",2020-05-20,0,0,353,0,0,0,0,0,0,0,120,0,21144,0,0,120,0,0,0,0,NA,0,0,0
"NB","2022-03-01 18:28:44",2020-05-21,1,0,330,0,0,0,0,0,0,0,121,0,21474,0,0,120,0,0,0,0,NA,1,1,0.00303030303030303
"NB","2022-03-01 18:28:44",2020-05-22,0,0,278,0,0,0,0,0,0,0,121,0,21752,0,0,120,0,0,0,0,NA,0,1,0
"NB","2022-03-01 18:28:44",2020-05-23,0,0,237,0,0,0,0,0,0,0,121,0,21989,0,0,120,0,0,0,0,NA,0,1,0
"NB","2022-03-01 18:28:44",2020-05-24,0,0,312,0,0,0,0,0,0,0,121,0,22301,0,0,120,0,0,0,0,NA,0,1,0
"NB","2022-03-01 18:28:44",2020-05-25,0,0,271,0,0,0,0,0,0,0,121,0,22572,0,0,120,0,0,0,0,NA,0,1,0
"NB","2022-03-01 18:28:44",2020-05-26,1,0,348,0,0,0,0,0,0,0,122,0,22920,0,0,120,0,0,0,0,NA,1,2,0.0028735632183908
"NB","2022-03-01 18:28:44",2020-05-27,1,0,376,0,0,0,0,0,0,0,123,0,23296,0,0,120,0,0,0,0,NA,1,3,0.00265957446808511
"NB","2022-03-01 18:28:44",2020-05-28,3,0,397,0,0,0,0,0,0,0,126,0,23693,0,0,120,0,0,0,0,NA,3,6,0.00755667506297229
"NB","2022-03-01 18:28:44",2020-05-29,2,0,476,2,2,0,0,0,0,0,128,0,24169,2,2,120,0,0,0,0,NA,2,8,0.00420168067226891
"NB","2022-03-01 18:28:44",2020-05-30,1,0,698,0,-2,0,0,0,0,0,129,0,24867,2,0,120,0,0,0,0,NA,1,9,0.00143266475644699
"NB","2022-03-01 18:28:44",2020-05-31,3,0,1305,1,1,0,0,0,0,0,132,0,26172,3,1,120,0,0,0,0,NA,3,12,0.00229885057471264
"NB","2022-03-01 18:28:44",2020-06-01,0,0,2290,1,0,0,0,0,0,0,132,0,28462,4,1,120,0,0,0,0,NA,0,12,0
"NB","2022-03-01 18:28:44",2020-06-02,1,0,2204,1,0,0,0,0,0,0,133,0,30666,5,1,120,0,0,0,0,NA,1,13,0.000453720508166969
"NB","2022-03-01 18:28:44",2020-06-03,2,0,1125,0,0,0,0,0,0,0,135,0,31791,5,1,120,0,0,0,0,NA,2,15,0.00177777777777778
"NB","2022-03-01 18:28:44",2020-06-04,1,1,508,-1,0,0,0,0,0,0,136,1,32299,4,1,120,0,0,0,0,NA,0,15,0.00196850393700787
"NB","2022-03-01 18:28:44",2020-06-05,0,0,655,0,0,1,0,0,0,0,136,1,32954,4,1,121,0,0,0,0,NA,-1,14,0
"NB","2022-03-01 18:28:44",2020-06-06,0,0,381,0,-1,0,0,0,0,0,136,1,33335,4,0,121,0,0,0,0,NA,0,14,0
"NB","2022-03-01 18:28:44",2020-06-07,1,0,381,0,0,0,0,0,0,0,137,1,33716,4,0,121,0,0,0,0,NA,1,15,0.0026246719160105
"NB","2022-03-01 18:28:44",2020-06-08,9,0,684,1,0,0,0,0,0,0,146,1,34400,5,0,121,0,0,0,0,NA,9,24,0.0131578947368421
"NB","2022-03-01 18:28:44",2020-06-09,1,0,414,0,1,0,0,0,0,0,147,1,34814,5,1,121,0,0,0,0,NA,1,25,0.00241545893719807
"NB","2022-03-01 18:28:44",2020-06-10,4,0,449,0,0,0,0,0,0,0,151,1,35263,5,1,121,0,0,0,0,NA,4,29,0.0089086859688196
"NB","2022-03-01 18:28:44",2020-06-11,2,0,490,0,0,2,0,0,0,0,153,1,35753,5,1,123,0,0,0,0,NA,0,29,0.00408163265306122
"NB","2022-03-01 18:28:44",2020-06-12,1,0,372,0,0,2,0,0,0,0,154,1,36125,5,1,125,0,0,0,0,NA,-1,28,0.00268817204301075
"NB","2022-03-01 18:28:44",2020-06-13,3,1,480,-1,0,1,0,0,0,0,157,2,36605,4,1,126,0,0,0,0,NA,1,29,0.00625
"NB","2022-03-01 18:28:44",2020-06-14,0,0,467,0,0,3,0,0,0,0,157,2,37072,4,1,129,0,0,0,0,NA,-3,26,0
"NB","2022-03-01 18:28:44",2020-06-15,3,0,437,0,0,0,0,0,0,0,160,2,37509,4,1,129,0,0,0,0,NA,3,29,0.0068649885583524
"NB","2022-03-01 18:28:44",2020-06-16,2,0,334,0,0,2,0,0,0,0,162,2,37843,4,1,131,0,0,0,0,NA,0,29,0.00598802395209581
"NB","2022-03-01 18:28:44",2020-06-17,1,0,871,0,0,2,0,0,0,0,163,2,38714,4,1,133,0,0,0,0,NA,-1,28,0.00114810562571757
"NB","2022-03-01 18:28:44",2020-06-18,0,0,586,-2,0,2,0,0,0,0,163,2,39300,2,1,135,0,0,0,0,NA,-2,26,0
"NB","2022-03-01 18:28:44",2020-06-19,0,0,506,0,0,0,0,0,0,0,163,2,39806,2,1,135,0,0,0,0,NA,0,26,0
"NB","2022-03-01 18:28:44",2020-06-20,1,0,449,0,0,0,0,0,0,0,164,2,40255,2,1,135,0,0,0,0,NA,1,27,0.0022271714922049
"NB","2022-03-01 18:28:44",2020-06-21,0,0,235,0,0,0,0,0,0,0,164,2,40490,2,1,135,0,0,0,0,NA,0,27,0
"NB","2022-03-01 18:28:44",2020-06-22,0,0,173,0,0,0,0,0,0,0,164,2,40663,2,1,135,0,0,0,0,NA,0,27,0
"NB","2022-03-01 18:28:44",2020-06-23,1,0,169,0,0,8,0,0,0,0,165,2,40832,2,1,143,0,0,0,0,NA,-7,20,0.00591715976331361
"NB","2022-03-01 18:28:44",2020-06-24,0,0,524,0,0,4,0,0,0,0,165,2,41356,2,1,147,0,0,0,0,NA,-4,16,0
"NB","2022-03-01 18:28:44",2020-06-25,0,0,334,0,0,2,0,0,0,0,165,2,41690,2,1,149,0,0,0,0,NA,-2,14,0
"NB","2022-03-01 18:28:44",2020-06-26,0,0,460,0,0,1,0,0,0,0,165,2,42150,2,1,150,0,0,0,0,NA,-1,13,0
"NB","2022-03-01 18:28:44",2020-06-27,0,0,343,0,0,4,0,0,0,0,165,2,42493,2,1,154,0,0,0,0,NA,-4,9,0
"NB","2022-03-01 18:28:44",2020-06-28,0,0,261,0,0,4,0,0,0,0,165,2,42754,2,1,158,0,0,0,0,NA,-4,5,0
"NB","2022-03-01 18:28:44",2020-06-29,0,0,171,0,0,0,0,0,0,0,165,2,42925,2,1,158,0,0,0,0,NA,0,5,0
"NB","2022-03-01 18:28:44",2020-06-30,0,0,237,0,0,1,0,0,0,0,165,2,43162,2,1,159,0,0,0,0,NA,-1,4,0
"NB","2022-03-01 18:28:44",2020-07-01,0,0,272,1,1,1,0,0,0,0,165,2,43434,3,2,160,0,0,0,0,NA,-1,3,0
"NB","2022-03-01 18:28:44",2020-07-02,0,0,180,-1,0,0,0,0,0,0,165,2,43614,2,2,160,0,0,0,0,NA,0,3,0
"NB","2022-03-01 18:28:44",2020-07-03,0,0,237,-1,-1,1,0,0,0,0,165,2,43851,1,1,161,0,0,0,0,NA,-1,2,0
"NB","2022-03-01 18:28:44",2020-07-04,0,0,292,0,-1,1,0,0,0,0,165,2,44143,1,0,162,0,0,0,0,NA,-1,1,0
"NB","2022-03-01 18:28:44",2020-07-05,0,0,204,-1,0,0,0,0,0,0,165,2,44347,0,0,162,0,0,0,0,NA,0,1,0
"NB","2022-03-01 18:28:44",2020-07-06,0,0,215,0,0,0,0,0,0,0,165,2,44562,0,0,162,0,0,0,0,NA,0,1,0
"NB","2022-03-01 18:28:44",2020-07-07,0,0,256,0,0,0,0,0,0,0,165,2,44818,0,0,162,0,0,0,0,NA,0,1,0
"NB","2022-03-01 18:28:44",2020-07-08,0,0,362,0,0,0,0,0,0,0,165,2,45180,0,0,162,0,0,0,0,NA,0,1,0
"NB","2022-03-01 18:28:44",2020-07-09,1,0,342,0,0,1,0,0,0,0,166,2,45522,0,0,163,0,0,0,0,NA,0,1,0.00292397660818713
"NB","2022-03-01 18:28:44",2020-07-10,0,0,344,0,0,0,0,0,0,0,166,2,45866,0,0,163,0,0,0,0,NA,0,1,0
"NB","2022-03-01 18:28:44",2020-07-11,0,0,348,0,0,0,0,0,0,0,166,2,46214,0,0,163,0,0,0,0,NA,0,1,0
"NB","2022-03-01 18:28:44",2020-07-12,0,0,288,0,0,0,0,0,0,0,166,2,46502,0,0,163,0,0,0,0,NA,0,1,0
"NB","2022-03-01 18:28:44",2020-07-13,0,0,-13,0,0,0,0,0,0,0,166,2,46489,0,0,163,0,0,0,0,NA,0,1,0
"NB","2022-03-01 18:28:44",2020-07-14,1,0,438,0,0,0,0,0,0,0,167,2,46927,0,0,163,0,0,0,0,NA,1,2,0.00228310502283105
"NB","2022-03-01 18:28:44",2020-07-15,1,0,344,0,0,0,0,0,0,0,168,2,47271,0,0,163,0,0,0,0,NA,1,3,0.00290697674418605
"NB","2022-03-01 18:28:44",2020-07-16,0,0,471,0,0,0,0,0,0,0,168,2,47742,0,0,163,0,0,0,0,NA,0,3,0
"NB","2022-03-01 18:28:44",2020-07-17,0,0,354,0,0,0,0,0,0,0,168,2,48096,0,0,163,0,0,0,0,NA,0,3,0
"NB","2022-03-01 18:28:44",2020-07-18,0,0,400,0,0,0,0,0,0,0,168,2,48496,0,0,163,0,0,0,0,NA,0,3,0
"NB","2022-03-01 18:28:44",2020-07-19,1,0,312,0,0,0,0,0,0,0,169,2,48808,0,0,163,0,0,0,0,NA,1,4,0.00320512820512821
"NB","2022-03-01 18:28:44",2020-07-20,1,0,275,0,0,0,0,0,0,0,170,2,49083,0,0,163,0,0,0,0,NA,1,5,0.00363636363636364
"NB","2022-03-01 18:28:44",2020-07-21,0,0,286,0,0,0,0,0,0,0,170,2,49369,0,0,163,0,0,0,0,NA,0,5,0
"NB","2022-03-01 18:28:44",2020-07-22,0,0,349,0,0,2,0,0,0,0,170,2,49718,0,0,165,0,0,0,0,NA,-2,3,0
"NB","2022-03-01 18:28:44",2020-07-23,0,0,394,0,0,0,0,0,0,0,170,2,50112,0,0,165,0,0,0,0,NA,0,3,0
"NB","2022-03-01 18:28:44",2020-07-24,0,0,368,0,0,0,0,0,0,0,170,2,50480,0,0,165,0,0,0,0,NA,0,3,0
"NB","2022-03-01 18:28:44",2020-07-25,0,0,341,0,0,0,0,0,0,0,170,2,50821,0,0,165,0,0,0,0,NA,0,3,0
"NB","2022-03-01 18:28:44",2020-07-26,0,0,211,0,0,0,0,0,0,0,170,2,51032,0,0,165,0,0,0,0,NA,0,3,0
"NB","2022-03-01 18:28:44",2020-07-27,0,0,212,0,0,0,0,0,0,0,170,2,51244,0,0,165,0,0,0,0,NA,0,3,0
"NB","2022-03-01 18:28:44",2020-07-28,0,0,278,0,0,0,0,0,0,0,170,2,51522,0,0,165,0,0,0,0,NA,0,3,0
"NB","2022-03-01 18:28:44",2020-07-29,0,0,270,0,0,0,0,0,0,0,170,2,51792,0,0,165,0,0,0,0,NA,0,3,0
"NB","2022-03-01 18:28:44",2020-07-30,0,0,361,0,0,1,0,0,0,0,170,2,52153,0,0,166,0,0,0,0,NA,-1,2,0
"NB","2022-03-01 18:28:44",2020-07-31,0,0,316,0,0,0,0,0,0,0,170,2,52469,0,0,166,0,0,0,0,NA,0,2,0
"NB","2022-03-01 18:28:44",2020-08-01,0,0,297,0,0,0,0,0,0,0,170,2,52766,0,0,166,0,0,0,0,NA,0,2,0
"NB","2022-03-01 18:28:44",2020-08-02,0,0,280,0,0,0,0,0,0,0,170,2,53046,0,0,166,0,0,0,0,NA,0,2,0
"NB","2022-03-01 18:28:44",2020-08-03,0,0,197,0,0,2,0,0,0,0,170,2,53243,0,0,168,0,0,0,0,NA,-2,0,0
"NB","2022-03-01 18:28:44",2020-08-04,0,0,158,0,0,0,0,0,0,0,170,2,53401,0,0,168,0,0,0,0,NA,0,0,0
"NB","2022-03-01 18:28:44",2020-08-05,4,0,298,0,0,0,0,0,0,0,174,2,53699,0,0,168,0,0,0,0,NA,4,4,0.0134228187919463
"NB","2022-03-01 18:28:44",2020-08-06,2,0,300,0,0,0,0,0,0,0,176,2,53999,0,0,168,0,0,0,0,NA,2,6,0.00666666666666667
"NB","2022-03-01 18:28:44",2020-08-07,0,0,282,0,0,0,0,0,0,0,176,2,54281,0,0,168,0,0,0,0,NA,0,6,0
"NB","2022-03-01 18:28:44",2020-08-08,0,0,350,0,0,0,0,0,0,0,176,2,54631,0,0,168,0,0,0,0,NA,0,6,0
"NB","2022-03-01 18:28:44",2020-08-09,0,0,223,0,0,0,0,0,0,0,176,2,54854,0,0,168,0,0,0,0,NA,0,6,0
"NB","2022-03-01 18:28:44",2020-08-10,0,0,218,0,0,0,0,0,0,0,176,2,55072,0,0,168,0,0,0,0,NA,0,6,0
"NB","2022-03-01 18:28:44",2020-08-11,1,0,307,0,0,0,0,0,0,0,177,2,55379,0,0,168,0,0,0,0,NA,1,7,0.00325732899022801
"NB","2022-03-01 18:28:44",2020-08-12,1,0,234,0,0,0,0,0,0,0,178,2,55613,0,0,168,0,0,0,0,NA,1,8,0.00427350427350427
"NB","2022-03-01 18:28:44",2020-08-13,2,0,332,0,0,1,0,0,0,0,180,2,55945,0,0,169,0,0,0,0,NA,1,9,0.00602409638554217
"NB","2022-03-01 18:28:44",2020-08-14,0,0,278,0,0,0,0,0,0,0,180,2,56223,0,0,169,0,0,0,0,NA,0,9,0
"NB","2022-03-01 18:28:44",2020-08-15,4,0,307,0,0,0,0,0,0,0,184,2,56530,0,0,169,0,0,0,0,NA,4,13,0.0130293159609121
"NB","2022-03-01 18:28:44",2020-08-16,2,0,236,0,0,0,0,0,0,0,186,2,56766,0,0,169,0,0,0,0,NA,2,15,0.00847457627118644
"NB","2022-03-01 18:28:44",2020-08-17,0,0,194,0,0,0,0,0,0,0,186,2,56960,0,0,169,0,0,0,0,NA,0,15,0
"NB","2022-03-01 18:28:44",2020-08-18,0,0,286,0,0,2,0,0,0,0,186,2,57246,0,0,171,0,0,0,0,NA,-2,13,0
"NB","2022-03-01 18:28:44",2020-08-19,0,0,265,0,0,1,0,0,0,0,186,2,57511,0,0,172,0,0,0,0,NA,-1,12,0
"NB","2022-03-01 18:28:44",2020-08-20,0,0,367,0,0,6,0,0,0,0,186,2,57878,0,0,178,0,0,0,0,NA,-6,6,0
"NB","2022-03-01 18:28:44",2020-08-21,2,0,349,0,0,0,0,0,0,0,188,2,58227,0,0,178,0,0,0,0,NA,2,8,0.00573065902578797
"NB","2022-03-01 18:28:44",2020-08-22,0,0,343,0,0,0,0,0,0,0,188,2,58570,0,0,178,0,0,0,0,NA,0,8,0
"NB","2022-03-01 18:28:44",2020-08-23,1,0,287,0,0,0,0,0,0,0,189,2,58857,0,0,178,0,0,0,0,NA,1,9,0.00348432055749129
"NB","2022-03-01 18:28:44",2020-08-24,0,0,255,0,0,0,0,0,0,0,189,2,59112,0,0,178,0,0,0,0,NA,0,9,0
"NB","2022-03-01 18:28:44",2020-08-25,1,0,256,0,0,0,0,0,0,0,190,2,59368,0,0,178,0,0,0,0,NA,1,10,0.00390625
"NB","2022-03-01 18:28:44",2020-08-26,0,0,497,0,0,2,0,0,0,0,190,2,59865,0,0,180,0,0,0,0,NA,-2,8,0
"NB","2022-03-01 18:28:44",2020-08-27,0,0,440,0,0,1,0,0,0,0,190,2,60305,0,0,181,0,0,0,0,NA,-1,7,0
"NB","2022-03-01 18:28:44",2020-08-28,1,0,293,0,0,1,0,0,0,0,191,2,60598,0,0,182,0,0,0,0,NA,0,7,0.00341296928327645
"NB","2022-03-01 18:28:44",2020-08-29,0,0,388,0,0,1,0,0,0,0,191,2,60986,0,0,183,0,0,0,0,NA,-1,6,0
"NB","2022-03-01 18:28:44",2020-08-30,0,0,286,0,0,2,0,0,0,0,191,2,61272,0,0,185,0,0,0,0,NA,-2,4,0
"NB","2022-03-01 18:28:44",2020-08-31,0,0,250,0,0,0,0,0,0,0,191,2,61522,0,0,185,0,0,0,0,NA,0,4,0
"NB","2022-03-01 18:28:44",2020-09-01,0,0,407,0,0,1,0,0,0,0,191,2,61929,0,0,186,0,0,0,0,NA,-1,3,0
"NB","2022-03-01 18:28:44",2020-09-02,1,0,293,0,0,0,0,0,0,0,192,2,62222,0,0,186,0,0,0,0,NA,1,4,0.00341296928327645
"NB","2022-03-01 18:28:44",2020-09-03,0,0,586,0,0,0,0,0,0,0,192,2,62808,0,0,186,0,0,0,0,NA,0,4,0
"NB","2022-03-01 18:28:44",2020-09-04,0,0,480,0,0,0,0,0,0,0,192,2,63288,0,0,186,0,0,0,0,NA,0,4,0
"NB","2022-03-01 18:28:44",2020-09-05,0,0,264,0,0,0,0,0,0,0,192,2,63552,0,0,186,0,0,0,0,NA,0,4,0
"NB","2022-03-01 18:28:44",2020-09-06,0,0,355,0,0,1,0,0,0,0,192,2,63907,0,0,187,0,0,0,0,NA,-1,3,0
"NB","2022-03-01 18:28:44",2020-09-07,0,0,281,0,0,0,0,0,0,0,192,2,64188,0,0,187,0,0,0,0,NA,0,3,0
"NB","2022-03-01 18:28:44",2020-09-08,0,0,268,0,0,1,0,0,0,0,192,2,64456,0,0,188,0,0,0,0,NA,-1,2,0
"NB","2022-03-01 18:28:44",2020-09-09,0,0,305,0,0,0,0,0,0,0,192,2,64761,0,0,188,0,0,0,0,NA,0,2,0
"NB","2022-03-01 18:28:44",2020-09-10,1,0,408,0,0,0,0,0,0,0,193,2,65169,0,0,188,0,0,0,0,NA,1,3,0.00245098039215686
"NB","2022-03-01 18:28:44",2020-09-11,0,0,413,0,0,1,0,0,0,0,193,2,65582,0,0,189,0,0,0,0,NA,-1,2,0
"NB","2022-03-01 18:28:44",2020-09-12,0,0,366,0,0,0,0,0,0,0,193,2,65948,0,0,189,0,0,0,0,NA,0,2,0
"NB","2022-03-01 18:28:44",2020-09-13,0,0,469,0,0,0,0,0,0,0,193,2,66417,0,0,189,0,0,0,0,NA,0,2,0
"NB","2022-03-01 18:28:44",2020-09-14,1,0,270,0,0,0,0,0,0,0,194,2,66687,0,0,189,0,0,0,0,NA,1,3,0.0037037037037037
"NB","2022-03-01 18:28:44",2020-09-15,0,0,380,0,0,0,0,0,0,0,194,2,67067,0,0,189,0,0,0,0,NA,0,3,0
"NB","2022-03-01 18:28:44",2020-09-16,0,0,0,0,0,0,0,0,0,0,194,2,67067,0,0,189,0,0,0,0,NA,0,3,NA
"NB","2022-03-01 18:28:44",2020-09-17,0,0,0,0,0,0,0,0,0,0,194,2,67067,0,0,189,0,0,0,0,NA,0,3,NA
"NB","2022-03-01 18:28:44",2020-09-18,0,0,0,0,0,0,0,0,0,0,194,2,67067,0,0,189,0,0,0,0,NA,0,3,NA
"NB","2022-03-01 18:28:44",2020-09-19,0,0,0,0,0,0,0,0,0,0,194,2,67067,0,0,189,0,0,0,0,NA,0,3,NA
"NB","2022-03-01 18:28:44",2020-09-20,0,0,2724,0,0,2,0,0,0,0,194,2,69791,0,0,191,0,0,0,0,NA,-2,1,0
"NB","2022-03-01 18:28:44",2020-09-21,2,0,477,0,0,0,0,0,0,0,196,2,70268,0,0,191,0,0,0,0,NA,2,3,0.00419287211740042
"NB","2022-03-01 18:28:44",2020-09-22,0,0,0,0,0,0,0,0,0,0,196,2,70268,0,0,191,0,0,0,0,NA,0,3,NA
"NB","2022-03-01 18:28:44",2020-09-23,1,0,1317,0,0,0,0,0,0,0,197,2,71585,0,0,191,0,0,0,0,NA,1,4,0.000759301442672741
"NB","2022-03-01 18:28:44",2020-09-24,2,0,646,0,0,0,0,0,0,0,199,2,72231,0,0,191,0,0,0,0,NA,2,6,0.00309597523219814
"NB","2022-03-01 18:28:44",2020-09-25,1,0,750,0,0,0,0,0,0,0,200,2,72981,0,0,191,0,0,0,0,NA,1,7,0.00133333333333333
"NB","2022-03-01 18:28:44",2020-09-26,0,0,753,0,0,0,0,0,0,0,200,2,73734,0,0,191,0,0,0,0,NA,0,7,0
"NB","2022-03-01 18:28:44",2020-09-27,0,0,0,0,0,0,0,0,0,0,200,2,73734,0,0,191,0,0,0,0,NA,0,7,NA
"NB","2022-03-01 18:28:44",2020-09-28,0,0,1621,0,0,0,0,0,0,0,200,2,75355,0,0,191,0,0,0,0,NA,0,7,0
"NB","2022-03-01 18:28:44",2020-09-29,0,0,753,0,0,1,0,0,0,0,200,2,76108,0,0,192,0,0,0,0,NA,-1,6,0
"NB","2022-03-01 18:28:44",2020-09-30,0,0,0,0,0,0,0,0,0,0,200,2,76108,0,0,192,0,0,0,0,NA,0,6,NA
"NB","2022-03-01 18:28:44",2020-10-01,0,0,0,0,0,0,0,0,0,0,200,2,76108,0,0,192,0,0,0,0,NA,0,6,NA
"NB","2022-03-01 18:28:44",2020-10-02,0,0,0,0,0,0,0,0,0,0,200,2,76108,0,0,192,0,0,0,0,NA,0,6,NA
"NB","2022-03-01 18:28:44",2020-10-03,1,0,3314,0,0,1,0,0,0,0,201,2,79422,0,0,193,0,0,0,0,NA,0,6,0.000301750150875075
"NB","2022-03-01 18:28:44",2020-10-04,0,0,0,0,0,0,0,0,0,0,201,2,79422,0,0,193,0,0,0,0,NA,0,6,NA
"NB","2022-03-01 18:28:44",2020-10-05,2,0,1033,0,0,3,0,0,0,0,203,2,80455,0,0,196,0,0,0,0,NA,-1,5,0.00193610842207164
"NB","2022-03-01 18:28:44",2020-10-06,2,0,354,0,0,2,0,0,0,0,205,2,80809,0,0,198,0,0,0,0,NA,0,5,0.00564971751412429
"NB","2022-03-01 18:28:44",2020-10-07,17,0,887,2,0,0,0,0,0,0,222,2,81696,2,0,198,0,0,0,0,NA,17,22,0.0191657271702368
"NB","2022-03-01 18:28:44",2020-10-08,3,0,669,1,1,1,0,0,0,0,225,2,82365,3,1,199,0,0,0,0,NA,2,24,0.00448430493273543
"NB","2022-03-01 18:28:44",2020-10-09,13,0,808,0,-1,0,0,0,0,0,238,2,83173,3,0,199,0,0,0,0,NA,13,37,0.0160891089108911
"NB","2022-03-01 18:28:44",2020-10-10,20,0,908,0,1,0,0,0,0,0,258,2,84081,3,1,199,0,0,0,0,NA,20,57,0.0220264317180617
"NB","2022-03-01 18:28:44",2020-10-11,14,0,766,2,0,0,0,0,0,0,272,2,84847,5,1,199,0,0,0,0,NA,14,71,0.0182767624020888
"NB","2022-03-01 18:28:44",2020-10-12,6,0,945,0,0,1,0,0,0,0,278,2,85792,5,1,200,0,0,0,0,NA,5,76,0.00634920634920635
"NB","2022-03-01 18:28:44",2020-10-13,6,0,931,0,0,0,0,0,0,0,284,2,86723,5,1,200,0,0,0,0,NA,6,82,0.00644468313641246
"NB","2022-03-01 18:28:44",2020-10-14,8,0,954,0,0,0,0,0,0,0,292,2,87677,5,1,200,0,0,0,0,NA,8,90,0.00838574423480084
"NB","2022-03-01 18:28:44",2020-10-15,0,0,0,0,0,0,0,0,0,0,292,2,87677,5,1,200,0,0,0,0,NA,0,90,NA
"NB","2022-03-01 18:28:44",2020-10-16,5,0,2175,-1,0,3,0,0,0,0,297,2,89852,4,1,203,0,0,0,0,NA,2,92,0.00229885057471264
"NB","2022-03-01 18:28:44",2020-10-17,8,0,1143,-1,0,0,0,0,0,0,305,2,90995,3,1,203,0,0,0,0,NA,8,100,0.00699912510936133
"NB","2022-03-01 18:28:44",2020-10-18,5,1,1065,0,0,0,0,0,0,0,310,3,92060,3,1,203,0,0,0,0,NA,4,104,0.00469483568075117
"NB","2022-03-01 18:28:44",2020-10-19,3,0,839,1,0,4,0,0,0,0,313,3,92899,4,1,207,0,0,0,0,NA,-1,103,0.00357568533969011
"NB","2022-03-01 18:28:44",2020-10-20,0,0,757,-1,0,8,0,0,0,0,313,3,93656,3,1,215,0,0,0,0,NA,-8,95,0
"NB","2022-03-01 18:28:44",2020-10-21,6,1,666,2,0,8,0,0,0,0,319,4,94322,5,1,223,0,0,0,0,NA,-3,92,0.00900900900900901
"NB","2022-03-01 18:28:44",2020-10-22,3,0,710,0,0,14,0,0,0,0,322,4,95032,5,1,237,0,0,0,0,NA,-11,81,0.00422535211267606
"NB","2022-03-01 18:28:44",2020-10-23,2,0,552,0,0,8,0,0,0,0,324,4,95584,5,1,245,0,0,0,0,NA,-6,75,0.0036231884057971
"NB","2022-03-01 18:28:44",2020-10-24,2,0,608,1,0,5,0,0,0,0,326,4,96192,6,1,250,0,0,0,0,NA,-3,72,0.00328947368421053
"NB","2022-03-01 18:28:44",2020-10-25,2,2,555,-2,-1,7,0,0,0,0,328,6,96747,4,0,257,0,0,0,0,NA,-7,65,0.0036036036036036
"NB","2022-03-01 18:28:44",2020-10-26,3,0,1504,0,0,8,0,0,0,0,331,6,98251,4,0,265,0,0,0,0,NA,-5,60,0.00199468085106383
"NB","2022-03-01 18:28:44",2020-10-27,3,0,1505,0,0,8,0,0,0,0,334,6,99756,4,0,273,0,0,0,0,NA,-5,55,0.00199335548172757
"NB","2022-03-01 18:28:44",2020-10-28,3,0,753,0,0,11,0,0,0,0,337,6,100509,4,0,284,0,0,0,0,NA,-8,47,0.00398406374501992
"NB","2022-03-01 18:28:44",2020-10-29,4,0,521,0,0,10,0,0,0,0,341,6,101030,4,0,294,0,0,0,0,NA,-6,41,0.00767754318618042
"NB","2022-03-01 18:28:44",2020-10-30,1,0,565,0,0,3,0,0,0,0,342,6,101595,4,0,297,0,0,0,0,NA,-2,39,0.00176991150442478
"NB","2022-03-01 18:28:44",2020-10-31,1,0,568,1,0,2,0,0,0,0,343,6,102163,5,0,299,0,0,0,0,NA,-1,38,0.00176056338028169
"NB","2022-03-01 18:28:44",2020-11-01,1,0,471,0,1,4,0,0,0,0,344,6,102634,5,1,303,0,0,0,0,NA,-3,35,0.00212314225053079
"NB","2022-03-01 18:28:44",2020-11-02,0,0,375,0,0,2,0,0,0,0,344,6,103009,5,1,305,0,0,0,0,NA,-2,33,0
"NB","2022-03-01 18:28:44",2020-11-03,0,0,590,0,0,4,0,0,0,0,344,6,103599,5,1,309,0,0,0,0,NA,-4,29,0
"NB","2022-03-01 18:28:44",2020-11-04,3,0,1010,0,-1,4,0,0,0,0,347,6,104609,5,0,313,0,0,0,0,NA,-1,28,0.00297029702970297
"NB","2022-03-01 18:28:44",2020-11-05,2,0,633,0,0,2,0,0,0,0,349,6,105242,5,0,315,0,0,0,0,NA,0,28,0.00315955766192733
"NB","2022-03-01 18:28:44",2020-11-06,1,0,531,-2,0,5,0,0,0,0,350,6,105773,3,0,320,0,0,0,0,NA,-4,24,0.00188323917137476
"NB","2022-03-01 18:28:44",2020-11-07,3,0,580,-1,0,1,0,0,0,0,353,6,106353,2,0,321,0,0,0,0,NA,2,26,0.00517241379310345
"NB","2022-03-01 18:28:44",2020-11-08,1,0,516,0,0,3,0,0,0,0,354,6,106869,2,0,324,0,0,0,0,NA,-2,24,0.00193798449612403
"NB","2022-03-01 18:28:44",2020-11-09,1,0,323,0,0,4,0,0,0,0,355,6,107192,2,0,328,0,0,0,0,NA,-3,21,0.00309597523219814
"NB","2022-03-01 18:28:44",2020-11-10,0,0,546,-2,0,4,0,0,0,0,355,6,107738,0,0,332,0,0,0,0,NA,-4,17,0
"NB","2022-03-01 18:28:44",2020-11-11,0,0,625,1,0,1,0,0,0,0,355,6,108363,1,0,333,0,0,0,0,NA,-1,16,0
"NB","2022-03-01 18:28:44",2020-11-12,1,0,533,0,1,4,0,0,0,0,356,6,108896,1,1,337,0,0,0,0,NA,-3,13,0.00187617260787992
"NB","2022-03-01 18:28:44",2020-11-13,2,0,520,0,0,1,0,0,0,0,358,6,109416,1,1,338,0,0,0,0,NA,1,14,0.00384615384615385
"NB","2022-03-01 18:28:44",2020-11-14,6,0,622,1,0,1,0,0,0,0,364,6,110038,2,1,339,0,0,0,0,NA,5,19,0.00964630225080386
"NB","2022-03-01 18:28:44",2020-11-15,3,0,625,0,0,0,0,0,0,0,367,6,110663,2,1,339,0,0,0,0,NA,3,22,0.0048
"NB","2022-03-01 18:28:44",2020-11-16,8,0,431,-1,-1,2,0,0,0,0,375,6,111094,1,0,341,0,0,0,0,NA,6,28,0.0185614849187935
"NB","2022-03-01 18:28:44",2020-11-17,4,0,326,-1,0,0,0,0,0,0,379,6,111420,0,0,341,0,0,0,0,NA,4,32,0.0122699386503067
"NB","2022-03-01 18:28:44",2020-11-18,9,0,296,0,0,1,0,0,0,0,388,6,111716,0,0,342,0,0,0,0,NA,8,40,0.0304054054054054
"NB","2022-03-01 18:28:44",2020-11-19,4,0,1298,0,0,1,0,0,0,0,392,6,113014,0,0,343,0,0,0,0,NA,3,43,0.00308166409861325
"NB","2022-03-01 18:28:44",2020-11-20,9,0,1006,1,0,1,0,0,0,0,401,6,114020,1,0,344,0,0,0,0,NA,8,51,0.00894632206759443
"NB","2022-03-01 18:28:44",2020-11-21,23,0,1214,0,0,3,0,0,0,0,424,6,115234,1,0,347,0,0,0,0,NA,20,71,0.0189456342668863
"NB","2022-03-01 18:28:44",2020-11-22,6,0,1013,-1,0,0,0,0,0,0,430,6,116247,0,0,347,0,0,0,0,NA,6,77,0.00592300098716683
"NB","2022-03-01 18:28:44",2020-11-23,15,1,1025,0,0,2,0,0,0,0,445,7,117272,0,0,349,0,0,0,0,NA,12,89,0.0146341463414634
"NB","2022-03-01 18:28:44",2020-11-24,5,0,316,0,0,1,0,0,0,0,450,7,117588,0,0,350,0,0,0,0,NA,4,93,0.0158227848101266
"NB","2022-03-01 18:28:44",2020-11-25,3,0,1060,1,0,2,0,0,0,0,453,7,118648,1,0,352,0,0,0,0,NA,1,94,0.00283018867924528
"NB","2022-03-01 18:28:44",2020-11-26,12,0,1497,0,0,1,0,0,0,0,465,7,120145,1,0,353,0,0,0,0,NA,11,105,0.00801603206412826
"NB","2022-03-01 18:28:44",2020-11-27,12,0,1397,0,0,3,0,0,0,0,477,7,121542,1,0,356,0,0,0,0,NA,9,114,0.00858983536148891
"NB","2022-03-01 18:28:44",2020-11-28,4,0,1399,-1,0,7,0,0,0,0,481,7,122941,0,0,363,0,0,0,0,NA,-3,111,0.00285918513223731
"NB","2022-03-01 18:28:44",2020-11-29,14,0,942,0,0,6,0,0,0,0,495,7,123883,0,0,369,0,0,0,0,NA,8,119,0.0148619957537155
"NB","2022-03-01 18:28:44",2020-11-30,6,0,1305,0,0,5,0,0,0,0,501,7,125188,0,0,374,0,0,0,0,NA,1,120,0.00459770114942529
"NB","2022-03-01 18:28:44",2020-12-01,7,0,1490,0,0,11,0,0,0,0,508,7,126678,0,0,385,0,0,0,0,NA,-4,116,0.00469798657718121
"NB","2022-03-01 18:28:44",2020-12-02,6,0,1321,0,0,3,0,0,0,0,514,7,127999,0,0,388,0,0,0,0,NA,3,119,0.00454201362604088
"NB","2022-03-01 18:28:44",2020-12-03,6,0,1971,0,0,14,0,0,0,0,520,7,129970,0,0,402,0,0,0,0,NA,-8,111,0.0030441400304414
"NB","2022-03-01 18:28:44",2020-12-04,8,0,1686,0,0,8,0,0,0,0,528,7,131656,0,0,410,0,0,0,0,NA,0,111,0.00474495848161329
"NB","2022-03-01 18:28:44",2020-12-05,2,0,863,1,1,15,0,0,0,0,530,7,132519,1,1,425,0,0,0,0,NA,-13,98,0.00231749710312862
"NB","2022-03-01 18:28:44",2020-12-06,4,0,568,1,0,20,0,0,0,0,534,7,133087,2,1,445,0,0,0,0,NA,-16,82,0.00704225352112676
"NB","2022-03-01 18:28:44",2020-12-07,2,0,781,1,1,3,0,0,0,0,536,7,133868,3,2,448,0,0,0,0,NA,-1,81,0.00256081946222791
"NB","2022-03-01 18:28:44",2020-12-08,5,0,650,0,1,4,0,0,0,0,541,7,134518,3,3,452,0,0,0,0,NA,1,82,0.00769230769230769
"NB","2022-03-01 18:28:44",2020-12-09,1,0,748,0,0,9,0,0,0,0,542,7,135266,3,3,461,0,0,0,0,NA,-8,74,0.00133689839572193
"NB","2022-03-01 18:28:44",2020-12-10,4,0,1293,1,0,3,0,0,0,0,546,7,136559,4,3,464,0,0,0,0,NA,1,75,0.00309358081979892
"NB","2022-03-01 18:28:44",2020-12-11,8,1,675,0,0,4,0,0,0,0,554,8,137234,4,3,468,0,0,0,0,NA,3,78,0.0118518518518519
"NB","2022-03-01 18:28:44",2020-12-12,1,0,887,0,0,7,0,0,0,0,555,8,138121,4,3,475,0,0,0,0,NA,-6,72,0.00112739571589628
"NB","2022-03-01 18:28:44",2020-12-13,2,0,1253,-1,-1,9,0,0,0,0,557,8,139374,3,2,484,0,0,0,0,NA,-7,65,0.00159616919393456
"NB","2022-03-01 18:28:44",2020-12-14,1,0,724,0,0,7,0,0,0,0,558,8,140098,3,2,491,0,0,0,0,NA,-6,59,0.00138121546961326
"NB","2022-03-01 18:28:44",2020-12-15,1,0,1184,0,0,12,0,0,0,0,559,8,141282,3,2,503,0,0,0,0,NA,-11,48,0.000844594594594595
"NB","2022-03-01 18:28:44",2020-12-16,8,0,946,0,0,4,0,0,0,0,567,8,142228,3,2,507,0,0,0,0,NA,4,52,0.00845665961945032
"NB","2022-03-01 18:28:44",2020-12-17,6,0,1100,0,0,2,0,0,0,1950,573,8,143328,3,2,509,0,0,0,1950,NA,4,56,0.00545454545454545
"NB","2022-03-01 18:28:44",2020-12-18,0,0,1226,0,0,4,0,0,0,0,573,8,144554,3,2,513,0,0,0,1950,NA,-4,52,0
"NB","2022-03-01 18:28:44",2020-12-19,1,0,865,0,-1,7,5,0,0,0,574,8,145419,3,1,520,5,0,0,1950,NA,-6,46,0.00115606936416185
"NB","2022-03-01 18:28:44",2020-12-20,0,0,569,0,0,1,0,0,0,0,574,8,145988,3,1,521,5,0,0,1950,NA,-1,45,0
"NB","2022-03-01 18:28:44",2020-12-21,4,0,640,0,0,0,1866,0,0,0,578,8,146628,3,1,521,1871,0,0,1950,NA,4,49,0.00625
"NB","2022-03-01 18:28:44",2020-12-22,2,0,634,-1,0,4,0,0,0,0,580,8,147262,2,1,525,1871,0,0,1950,NA,-2,47,0.00315457413249211
"NB","2022-03-01 18:28:44",2020-12-23,5,0,933,0,0,5,0,0,0,0,585,8,148195,2,1,530,1871,0,0,1950,NA,0,47,0.00535905680600214
"NB","2022-03-01 18:28:44",2020-12-24,2,0,896,-1,0,4,0,0,0,0,587,8,149091,1,1,534,1871,0,0,1950,NA,-2,45,0.00223214285714286
"NB","2022-03-01 18:28:44",2020-12-25,1,0,606,0,0,3,0,0,0,0,588,8,149697,1,1,537,1871,0,0,1950,NA,-2,43,0.00165016501650165
"NB","2022-03-01 18:28:44",2020-12-26,2,0,302,0,0,7,0,0,0,0,590,8,149999,1,1,544,1871,0,0,1950,NA,-5,38,0.00662251655629139
"NB","2022-03-01 18:28:44",2020-12-27,2,0,0,1,0,6,0,0,0,0,592,8,149999,2,1,550,1871,0,0,1950,NA,-4,34,Inf
"NB","2022-03-01 18:28:44",2020-12-28,1,0,828,1,1,2,1034,0,0,0,593,8,150827,3,2,552,2905,0,0,1950,NA,-1,33,0.00120772946859903
"NB","2022-03-01 18:28:44",2020-12-29,2,0,594,0,0,4,0,0,0,0,595,8,151421,3,2,556,2905,0,0,1950,NA,-2,31,0.00336700336700337
"NB","2022-03-01 18:28:44",2020-12-30,1,0,687,-1,-1,5,0,0,0,3900,596,8,152108,2,1,561,2905,0,0,5850,NA,-4,27,0.00145560407569141
"NB","2022-03-01 18:28:44",2020-12-31,3,1,697,-1,0,1,0,0,0,0,599,9,152805,1,1,562,2905,0,0,5850,NA,1,28,0.00430416068866571
"NB","2022-03-01 18:28:44",2021-01-01,2,0,563,0,0,6,0,0,0,2400,601,9,153368,1,1,568,2905,0,0,8250,NA,-4,24,0.00355239786856128
"NB","2022-03-01 18:28:44",2021-01-02,10,0,458,0,0,0,0,0,0,0,611,9,153826,1,1,568,2905,0,0,8250,NA,10,34,0.0218340611353712
"NB","2022-03-01 18:28:44",2021-01-03,7,0,298,0,0,0,0,0,0,0,618,9,154124,1,1,568,2905,0,0,8250,NA,7,41,0.023489932885906
"NB","2022-03-01 18:28:44",2021-01-04,17,0,432,0,0,3,0,0,0,0,635,9,154556,1,1,571,2905,0,0,8250,NA,14,55,0.0393518518518519
"NB","2022-03-01 18:28:44",2021-01-05,27,0,697,0,0,2,0,0,0,0,662,9,155253,1,1,573,2905,0,0,8250,NA,25,80,0.0387374461979914
"NB","2022-03-01 18:28:44",2021-01-06,31,0,790,0,0,1,1200,0,0,2925,693,9,156043,1,1,574,4105,0,0,11175,NA,30,110,0.0392405063291139
"NB","2022-03-01 18:28:44",2021-01-07,24,0,1222,0,0,4,914,0,0,0,717,9,157265,1,1,578,5019,0,0,11175,NA,20,130,0.0196399345335516
"NB","2022-03-01 18:28:44",2021-01-08,18,0,1298,-1,-1,4,0,0,0,0,735,9,158563,0,0,582,5019,0,0,11175,NA,14,144,0.0138674884437596
"NB","2022-03-01 18:28:44",2021-01-09,30,0,1476,0,0,3,0,0,0,0,765,9,160039,0,0,585,5019,0,0,11175,NA,27,171,0.0203252032520325
"NB","2022-03-01 18:28:44",2021-01-10,14,0,2059,0,0,1,0,0,0,0,779,9,162098,0,0,586,5019,0,0,11175,NA,13,184,0.00679941719281204
"NB","2022-03-01 18:28:44",2021-01-11,21,0,1458,1,0,1,2713,0,0,0,800,9,163556,1,0,587,7732,0,0,11175,NA,20,204,0.01440329218107
"NB","2022-03-01 18:28:44",2021-01-12,17,2,1329,-1,0,-1,0,0,0,0,817,11,164885,0,0,586,7732,0,0,11175,NA,16,220,0.0127915726109857
"NB","2022-03-01 18:28:44",2021-01-13,19,1,1118,3,0,7,0,1862,0,0,836,12,166003,3,0,593,7732,1862,0,11175,NA,11,231,0.016994633273703
"NB","2022-03-01 18:28:44",2021-01-14,23,0,1773,0,0,8,0,0,0,0,859,12,167776,3,0,601,7732,1862,0,11175,NA,15,246,0.0129723632261703
"NB","2022-03-01 18:28:44",2021-01-15,25,0,1480,1,1,14,0,0,0,6600,884,12,169256,4,1,615,7732,1862,0,17775,NA,11,257,0.0168918918918919
"NB","2022-03-01 18:28:44",2021-01-16,27,0,1729,-1,-1,16,0,0,0,0,911,12,170985,3,0,631,7732,1862,0,17775,NA,11,268,0.015615962984384
"NB","2022-03-01 18:28:44",2021-01-17,36,0,1723,-2,0,12,0,0,0,0,947,12,172708,1,0,643,7732,1862,0,17775,NA,24,292,0.0208937899013349
"NB","2022-03-01 18:28:44",2021-01-18,26,0,1487,0,0,14,2704,705,0,0,973,12,174195,1,0,657,10436,2567,0,17775,NA,12,304,0.0174848688634835
"NB","2022-03-01 18:28:44",2021-01-19,31,1,1839,0,0,17,0,0,0,0,1004,13,176034,1,0,674,10436,2567,0,17775,NA,13,317,0.0168569874932028
"NB","2022-03-01 18:28:44",2021-01-20,21,0,1646,1,1,21,0,0,0,0,1025,13,177680,2,1,695,10436,2567,0,17775,NA,0,317,0.0127582017010936
"NB","2022-03-01 18:28:44",2021-01-21,32,0,1902,1,1,25,0,0,0,0,1057,13,179582,3,2,720,10436,2567,0,17775,NA,7,324,0.0168243953732913
"NB","2022-03-01 18:28:44",2021-01-22,30,0,2215,2,1,23,0,0,0,3900,1087,13,181797,5,3,743,10436,2567,0,21675,NA,7,331,0.0135440180586907
"NB","2022-03-01 18:28:44",2021-01-23,17,0,1999,0,0,19,0,0,0,0,1104,13,183796,5,3,762,10436,2567,0,21675,NA,-2,329,0.00850425212606303
"NB","2022-03-01 18:28:44",2021-01-24,20,0,2140,0,-1,14,0,0,0,0,1124,13,185936,5,2,776,10436,2567,0,21675,NA,6,335,0.00934579439252336
"NB","2022-03-01 18:28:44",2021-01-25,27,1,1774,1,1,13,3821,272,0,0,1151,14,187710,6,3,789,14257,2839,0,21675,NA,13,348,0.0152198421645998
"NB","2022-03-01 18:28:44",2021-01-26,10,0,1943,1,0,18,0,0,0,0,1161,14,189653,7,3,807,14257,2839,0,21675,NA,-8,340,0.00514668039114771
"NB","2022-03-01 18:28:44",2021-01-27,14,2,2056,-1,-1,25,0,0,0,0,1175,16,191709,6,2,832,14257,2839,0,21675,NA,-13,327,0.00680933852140078
"NB","2022-03-01 18:28:44",2021-01-28,27,0,2247,-2,0,40,0,0,0,0,1202,16,193956,4,2,872,14257,2839,0,21675,NA,-13,314,0.0120160213618158
"NB","2022-03-01 18:28:44",2021-01-29,16,1,2079,0,0,15,0,0,0,0,1218,17,196035,4,2,887,14257,2839,0,21675,NA,0,314,0.0076960076960077
"NB","2022-03-01 18:28:44",2021-01-30,12,1,1355,-1,0,41,0,0,0,0,1230,18,197390,3,2,928,14257,2839,0,21675,NA,-30,284,0.00885608856088561
"NB","2022-03-01 18:28:44",2021-01-31,26,0,2562,1,0,27,0,0,0,0,1256,18,199952,4,2,955,14257,2839,0,21675,NA,-1,283,0.0101483216237315
"NB","2022-03-01 18:28:44",2021-02-01,8,0,1215,-1,0,17,3020,1621,0,0,1264,18,201167,3,2,972,17277,4460,0,21675,NA,-9,274,0.0065843621399177
"NB","2022-03-01 18:28:44",2021-02-02,25,0,2123,-1,0,30,0,0,0,0,1289,18,203290,2,2,1002,17277,4460,0,21675,NA,-5,269,0.0117757889778615
"NB","2022-03-01 18:28:44",2021-02-03,14,0,1505,3,1,17,0,0,0,0,1303,18,204795,5,3,1019,17277,4460,0,21675,NA,-3,266,0.00930232558139535
"NB","2022-03-01 18:28:44",2021-02-04,15,0,1124,0,-1,24,0,0,0,0,1318,18,205919,5,2,1043,17277,4460,0,21675,NA,-9,257,0.0133451957295374
"NB","2022-03-01 18:28:44",2021-02-05,7,0,1819,1,1,35,0,0,0,0,1325,18,207738,6,3,1078,17277,4460,0,21675,NA,-28,229,0.00384826827927433
"NB","2022-03-01 18:28:44",2021-02-06,12,2,1196,2,-1,17,0,0,0,0,1337,20,208934,8,2,1095,17277,4460,0,21675,NA,-7,222,0.0100334448160535
"NB","2022-03-01 18:28:44",2021-02-07,7,0,1194,-1,0,25,0,0,0,0,1344,20,210128,7,2,1120,17277,4460,0,21675,NA,-18,204,0.00586264656616415
"NB","2022-03-01 18:28:44",2021-02-08,2,0,789,0,0,24,1366,887,0,4175,1346,20,210917,7,2,1144,18643,5347,0,25850,NA,-22,182,0.00253485424588086
"NB","2022-03-01 18:28:44",2021-02-09,15,1,1250,0,0,13,0,0,0,0,1361,21,212167,7,2,1157,18643,5347,0,25850,NA,1,183,0.012
"NB","2022-03-01 18:28:44",2021-02-10,14,0,996,-1,0,21,0,0,0,0,1375,21,213163,6,2,1178,18643,5347,0,25850,NA,-7,176,0.0140562248995984
"NB","2022-03-01 18:28:44",2021-02-11,2,1,1232,0,0,15,0,0,0,975,1377,22,214395,6,2,1193,18643,5347,0,26825,NA,-14,162,0.00162337662337662
"NB","2022-03-01 18:28:44",2021-02-12,5,0,1484,0,0,10,0,0,0,0,1382,22,215879,6,2,1203,18643,5347,0,26825,NA,-5,157,0.00336927223719677
"NB","2022-03-01 18:28:44",2021-02-13,16,0,1014,1,1,12,0,0,0,0,1398,22,216893,7,3,1215,18643,5347,0,26825,NA,4,161,0.0157790927021696
"NB","2022-03-01 18:28:44",2021-02-14,2,0,668,-1,-1,12,0,0,0,0,1400,22,217561,6,2,1227,18643,5347,0,26825,NA,-10,151,0.0029940119760479
"NB","2022-03-01 18:28:44",2021-02-15,1,1,786,0,0,10,0,0,0,0,1401,23,218347,6,2,1237,18643,5347,0,26825,NA,-10,141,0.00127226463104326
"NB","2022-03-01 18:28:44",2021-02-16,3,1,793,0,0,13,2539,2158,0,0,1404,24,219140,6,2,1250,21182,7505,0,26825,NA,-11,130,0.00378310214375788
"NB","2022-03-01 18:28:44",2021-02-17,3,0,770,0,0,14,0,0,0,0,1407,24,219910,6,2,1264,21182,7505,0,26825,NA,-11,119,0.0038961038961039
"NB","2022-03-01 18:28:44",2021-02-18,4,0,1002,-1,-1,12,0,0,0,0,1411,24,220912,5,1,1276,21182,7505,0,26825,NA,-8,111,0.00399201596806387
"NB","2022-03-01 18:28:44",2021-02-19,6,0,895,1,0,12,0,0,0,8190,1417,24,221807,6,1,1288,21182,7505,0,35015,NA,-6,105,0.00670391061452514
"NB","2022-03-01 18:28:44",2021-02-20,3,0,1182,-3,0,21,0,0,0,0,1420,24,222989,3,1,1309,21182,7505,0,35015,NA,-18,87,0.00253807106598985
"NB","2022-03-01 18:28:44",2021-02-21,4,1,606,-1,0,2,0,0,0,0,1424,25,223595,2,1,1311,21182,7505,0,35015,NA,1,88,0.0066006600660066
"NB","2022-03-01 18:28:44",2021-02-22,0,1,428,0,0,3,5135,3531,0,0,1424,26,224023,2,1,1314,26317,11036,0,35015,NA,-4,84,0
"NB","2022-03-01 18:28:44",2021-02-23,0,0,909,0,0,8,0,0,0,0,1424,26,224932,2,1,1322,26317,11036,0,35015,NA,-8,76,0
"NB","2022-03-01 18:28:44",2021-02-24,2,0,797,0,0,13,0,0,0,0,1426,26,225729,2,1,1335,26317,11036,0,35015,NA,-11,65,0.00250941028858218
"NB","2022-03-01 18:28:44",2021-02-25,1,0,805,0,0,16,0,0,0,0,1427,26,226534,2,1,1351,26317,11036,0,35015,NA,-15,50,0.00124223602484472
"NB","2022-03-01 18:28:44",2021-02-26,1,0,858,-1,0,9,0,0,0,11760,1428,26,227392,1,1,1360,26317,11036,0,46775,NA,-8,42,0.00116550116550117
"NB","2022-03-01 18:28:44",2021-02-27,2,0,827,0,0,2,0,0,0,0,1430,26,228219,1,1,1362,26317,11036,0,46775,NA,0,42,0.00241837968561064
"NB","2022-03-01 18:28:44",2021-02-28,0,1,560,0,0,2,0,0,0,0,1430,27,228779,1,1,1364,26317,11036,0,46775,NA,-3,39,0
"NB","2022-03-01 18:28:44",2021-03-01,1,0,458,1,1,3,0,0,0,0,1431,27,229237,2,2,1367,26317,11036,0,46775,NA,-2,37,0.00218340611353712
"NB","2022-03-01 18:28:44",2021-03-02,4,1,0,1,1,3,7424,1106,0,0,1435,28,229237,3,3,1370,33741,12142,0,46775,NA,0,37,Inf
"NB","2022-03-01 18:28:44",2021-03-03,3,0,1303,0,-1,2,0,0,0,0,1438,28,230540,3,2,1372,33741,12142,0,46775,NA,1,38,0.00230237912509593
"NB","2022-03-01 18:28:44",2021-03-04,5,0,767,0,0,6,0,0,0,0,1443,28,231307,3,2,1378,33741,12142,0,46775,NA,-1,37,0.00651890482398957
"NB","2022-03-01 18:28:44",2021-03-05,4,0,929,0,0,7,0,0,0,9360,1447,28,232236,3,2,1385,33741,12142,0,56135,NA,-3,34,0.00430570505920344
"NB","2022-03-01 18:28:44",2021-03-06,6,0,1642,0,0,4,0,0,0,0,1453,28,233878,3,2,1389,33741,12142,0,56135,NA,2,36,0.00365408038976857
"NB","2022-03-01 18:28:44",2021-03-07,2,0,1181,0,0,2,0,0,0,0,1455,28,235059,3,2,1391,33741,12142,0,56135,NA,0,36,0.00169348010160881
"NB","2022-03-01 18:28:44",2021-03-08,5,0,1164,0,-1,4,4742,10,0,0,1460,28,236223,3,1,1395,38483,12152,0,56135,NA,1,37,0.00429553264604811
"NB","2022-03-01 18:28:44",2021-03-09,0,1,569,0,1,0,0,0,0,0,1460,29,236792,3,2,1395,38483,12152,0,56135,NA,-1,36,0
"NB","2022-03-01 18:28:44",2021-03-10,0,0,835,0,0,1,0,0,0,0,1460,29,237627,3,2,1396,38483,12152,0,56135,NA,-1,35,0
"NB","2022-03-01 18:28:44",2021-03-11,2,0,782,0,0,2,0,0,0,19860,1462,29,238409,3,2,1398,38483,12152,0,75995,NA,0,35,0.00255754475703325
"NB","2022-03-01 18:28:44",2021-03-12,3,1,560,-2,-2,3,0,0,0,0,1465,30,238969,1,0,1401,38483,12152,0,75995,NA,-1,34,0.00535714285714286
"NB","2022-03-01 18:28:44",2021-03-13,0,0,805,0,0,0,0,0,0,0,1465,30,239774,1,0,1401,38483,12152,0,75995,NA,0,34,0
"NB","2022-03-01 18:28:44",2021-03-14,5,0,612,0,0,1,0,0,0,0,1470,30,240386,1,0,1402,38483,12152,0,75995,NA,4,38,0.00816993464052288
"NB","2022-03-01 18:28:44",2021-03-15,1,0,451,0,0,2,12871,43,0,0,1471,30,240837,1,0,1404,51354,12195,0,75995,NA,-1,37,0.00221729490022173
"NB","2022-03-01 18:28:44",2021-03-16,5,0,528,0,0,0,0,0,0,0,1476,30,241365,1,0,1404,51354,12195,0,75995,NA,5,42,0.00946969696969697
"NB","2022-03-01 18:28:44",2021-03-17,1,0,841,0,0,0,2169,0,0,0,1477,30,242206,1,0,1404,53523,12195,0,75995,NA,1,43,0.00118906064209275
"NB","2022-03-01 18:28:44",2021-03-18,7,0,810,0,0,1,1305,2,0,17460,1484,30,243016,1,0,1405,54828,12197,0,93455,NA,6,49,0.00864197530864197
"NB","2022-03-01 18:28:44",2021-03-19,2,0,716,0,0,2,840,0,0,0,1486,30,243732,1,0,1407,55668,12197,0,93455,NA,0,49,0.00279329608938547
"NB","2022-03-01 18:28:44",2021-03-20,3,0,946,1,0,2,2054,3,0,0,1489,30,244678,2,0,1409,57722,12200,0,93455,NA,1,50,0.00317124735729387
"NB","2022-03-01 18:28:44",2021-03-21,1,0,645,0,0,1,3384,19,0,0,1490,30,245323,2,0,1410,61106,12219,0,93455,NA,0,50,0.00155038759689922
"NB","2022-03-01 18:28:44",2021-03-22,8,0,407,0,0,2,2089,2,0,0,1498,30,245730,2,0,1412,63195,12221,0,93455,NA,6,56,0.0196560196560197
"NB","2022-03-01 18:28:44",2021-03-23,7,0,745,-1,0,6,1157,1,0,0,1505,30,246475,1,0,1418,64352,12222,0,93455,NA,1,57,0.00939597315436242
"NB","2022-03-01 18:28:44",2021-03-24,12,0,956,2,0,5,2034,-17,0,0,1517,30,247431,3,0,1423,66386,12205,0,93455,NA,7,64,0.0125523012552301
"NB","2022-03-01 18:28:44",2021-03-25,29,0,1120,0,0,3,3574,2,0,29660,1546,30,248551,3,0,1426,69960,12207,0,123115,NA,26,90,0.0258928571428571
"NB","2022-03-01 18:28:44",2021-03-26,13,0,1067,1,0,3,6002,4,0,0,1559,30,249618,4,0,1429,75962,12211,0,123115,NA,10,100,0.0121836925960637
"NB","2022-03-01 18:28:44",2021-03-27,12,0,1348,1,1,1,5102,5,0,0,1571,30,250966,5,1,1430,81064,12216,0,123115,NA,11,111,0.00890207715133531
"NB","2022-03-01 18:28:44",2021-03-28,6,0,1266,0,0,2,6202,4,0,0,1577,30,252232,5,1,1432,87266,12220,0,123115,NA,4,115,0.004739336492891
"NB","2022-03-01 18:28:44",2021-03-29,11,0,1090,-1,1,5,2916,3,0,0,1588,30,253322,4,2,1437,90182,12223,0,123115,NA,6,121,0.0100917431192661
"NB","2022-03-01 18:28:44",2021-03-30,13,0,1406,1,0,7,1195,3,0,0,1601,30,254728,5,2,1444,91377,12226,0,123115,NA,6,127,0.00924608819345661
"NB","2022-03-01 18:28:44",2021-03-31,12,0,1589,0,0,3,3878,-1,0,0,1613,30,256317,5,2,1447,95255,12225,0,123115,NA,9,136,0.00755191944619257
"NB","2022-03-01 18:28:44",2021-04-01,10,0,1750,-1,1,4,5543,5,0,24570,1623,30,258067,4,3,1451,100798,12230,0,147685,NA,6,142,0.00571428571428571
"NB","2022-03-01 18:28:44",2021-04-02,9,0,1346,6,2,3,10142,14,0,0,1632,30,259413,10,5,1454,110940,12244,0,147685,NA,6,148,0.00668647845468053
"NB","2022-03-01 18:28:44",2021-04-03,9,0,980,4,1,3,5945,6,0,0,1641,30,260393,14,6,1457,116885,12250,0,147685,NA,6,154,0.00918367346938776
"NB","2022-03-01 18:28:44",2021-04-04,11,0,517,1,1,2,3788,4,0,0,1652,30,260910,15,7,1459,120673,12254,0,147685,NA,9,163,0.0212765957446809
"NB","2022-03-01 18:28:44",2021-04-05,10,0,387,-1,1,4,1556,2,0,42800,1662,30,261297,14,8,1463,122229,12256,0,190485,NA,6,169,0.0258397932816537
"NB","2022-03-01 18:28:44",2021-04-06,3,0,791,4,-6,9,1893,1,0,0,1665,30,262088,18,2,1472,124122,12257,0,190485,NA,-6,163,0.00379266750948167
"NB","2022-03-01 18:28:44",2021-04-07,14,1,914,0,10,12,5195,952,0,0,1679,31,263002,18,12,1484,129317,13209,0,190485,NA,1,164,0.0153172866520788
"NB","2022-03-01 18:28:44",2021-04-08,7,0,1082,2,1,24,6485,1125,0,21060,1686,31,264084,20,13,1508,135802,14334,0,211545,NA,-17,147,0.00646950092421442
"NB","2022-03-01 18:28:44",2021-04-09,8,1,1151,-1,0,13,7056,885,0,0,1694,32,265235,19,13,1521,142858,15219,0,211545,NA,-6,141,0.00695047784535187
"NB","2022-03-01 18:28:44",2021-04-10,19,1,1386,1,0,10,7248,340,0,0,1713,33,266621,20,13,1531,150106,15559,0,211545,NA,8,149,0.0137085137085137
"NB","2022-03-01 18:28:44",2021-04-11,9,0,738,0,0,9,1480,212,0,0,1722,33,267359,20,13,1540,151586,15771,0,211545,NA,0,149,0.0121951219512195
"NB","2022-03-01 18:28:44",2021-04-12,10,0,737,-2,0,13,679,0,0,0,1732,33,268096,18,13,1553,152265,15771,0,211545,NA,-3,146,0.0135685210312076
"NB","2022-03-01 18:28:44",2021-04-13,4,0,1160,0,0,17,9398,136,0,0,1736,33,269256,18,13,1570,161663,15907,0,211545,NA,-13,133,0.00344827586206897
"NB","2022-03-01 18:28:44",2021-04-14,16,0,1259,1,0,7,5484,345,0,0,1752,33,270515,19,13,1577,167147,16252,0,211545,NA,9,142,0.0127084988085782
"NB","2022-03-01 18:28:44",2021-04-15,8,0,1296,-1,-1,9,7087,606,0,43660,1760,33,271811,18,12,1586,174234,16858,0,255205,NA,-1,141,0.00617283950617284
"NB","2022-03-01 18:28:44",2021-04-16,7,0,1382,2,0,6,8290,302,0,0,1767,33,273193,20,12,1592,182524,17160,0,255205,NA,1,142,0.00506512301013025
"NB","2022-03-01 18:28:44",2021-04-17,11,0,1355,0,0,2,7936,741,0,0,1778,33,274548,20,12,1594,190460,17901,0,255205,NA,9,151,0.00811808118081181
"NB","2022-03-01 18:28:44",2021-04-18,10,0,927,0,0,7,6632,613,0,0,1788,33,275475,20,12,1601,197092,18514,0,255205,NA,3,154,0.0107874865156419
"NB","2022-03-01 18:28:44",2021-04-19,9,0,1026,1,-4,4,3495,298,0,0,1797,33,276501,21,8,1605,200587,18812,0,255205,NA,5,159,0.0087719298245614
"NB","2022-03-01 18:28:44",2021-04-20,0,0,1205,0,0,19,3989,216,0,0,1797,33,277706,21,8,1624,204576,19028,0,255205,NA,-19,140,0
"NB","2022-03-01 18:28:44",2021-04-21,7,1,1005,-6,-3,7,6554,1358,0,0,1804,34,278711,15,5,1631,211130,20386,0,255205,NA,-1,139,0.00696517412935323
"NB","2022-03-01 18:28:44",2021-04-22,19,0,1299,0,0,11,7809,1622,0,22230,1823,34,280010,15,5,1642,218939,22008,0,277435,NA,8,147,0.014626635873749
"NB","2022-03-01 18:28:44",2021-04-23,16,0,1333,-2,0,14,9065,1174,0,0,1839,34,281343,13,5,1656,228004,23182,0,277435,NA,2,149,0.0120030007501875
"NB","2022-03-01 18:28:44",2021-04-24,8,1,1189,-5,-2,19,8949,366,0,0,1847,35,282532,8,3,1675,236953,23548,0,277435,NA,-12,137,0.00672834314550042
"NB","2022-03-01 18:28:44",2021-04-25,4,0,802,0,0,10,5459,359,0,0,1851,35,283334,8,3,1685,242412,23907,0,277435,NA,-6,131,0.00498753117206983
"NB","2022-03-01 18:28:44",2021-04-26,7,0,919,-1,0,15,2061,189,0,0,1858,35,284253,7,3,1700,244473,24096,0,277435,NA,-8,123,0.00761697497279652
"NB","2022-03-01 18:28:44",2021-04-27,24,1,1220,-1,-1,8,4091,487,0,0,1882,36,285473,6,2,1708,248564,24583,0,277435,NA,15,138,0.019672131147541
"NB","2022-03-01 18:28:44",2021-04-28,8,0,1225,-2,0,23,4315,639,0,0,1890,36,286698,4,2,1731,252879,25222,0,277435,NA,-15,123,0.00653061224489796
"NB","2022-03-01 18:28:44",2021-04-29,10,0,1443,0,0,14,4178,666,0,21060,1900,36,288141,4,2,1745,257057,25888,0,298495,NA,-4,119,0.00693000693000693
"NB","2022-03-01 18:28:44",2021-04-30,15,0,1824,0,0,6,5082,373,0,0,1915,36,289965,4,2,1751,262139,26261,0,298495,NA,9,128,0.00822368421052632
"NB","2022-03-01 18:28:44",2021-05-01,18,0,1395,1,0,4,5523,477,0,0,1933,36,291360,5,2,1755,267662,26738,0,298495,NA,14,142,0.0129032258064516
"NB","2022-03-01 18:28:44",2021-05-02,6,1,3123,-1,0,10,2828,174,0,0,1939,37,294483,4,2,1765,270490,26912,0,298495,NA,-5,137,0.00192122958693564
"NB","2022-03-01 18:28:44",2021-05-03,15,1,1339,2,0,8,1401,103,0,0,1954,38,295822,6,2,1773,271891,27015,0,298495,NA,6,143,0.0112023898431665
"NB","2022-03-01 18:28:44",2021-05-04,4,0,1616,0,0,5,3465,665,0,12500,1958,38,297438,6,2,1778,275356,27680,0,310995,NA,-1,142,0.00247524752475248
"NB","2022-03-01 18:28:44",2021-05-05,11,1,1580,0,0,6,3903,508,0,0,1969,39,299018,6,2,1784,279259,28188,0,310995,NA,4,146,0.0069620253164557
"NB","2022-03-01 18:28:44",2021-05-06,11,1,1598,0,0,13,5741,659,0,62820,1980,40,300616,6,2,1797,285000,28847,0,373815,NA,-3,143,0.00688360450563204
"NB","2022-03-01 18:28:44",2021-05-07,8,0,1520,2,0,10,8550,629,0,0,1988,40,302136,8,2,1807,293550,29476,0,373815,NA,-2,141,0.00526315789473684
"NB","2022-03-01 18:28:44",2021-05-08,8,1,1459,2,0,6,8712,212,0,0,1996,41,303595,10,2,1813,302262,29688,0,373815,NA,1,142,0.00548320767649075
"NB","2022-03-01 18:28:44",2021-05-09,6,0,892,0,0,6,5953,0,0,0,2002,41,304487,10,2,1819,308215,29688,0,373815,NA,0,142,0.00672645739910314
"NB","2022-03-01 18:28:44",2021-05-10,11,0,946,1,1,3,482,198,0,0,2013,41,305433,11,3,1822,308697,29886,0,373815,NA,8,150,0.0116279069767442
"NB","2022-03-01 18:28:44",2021-05-11,2,0,1257,0,1,15,3363,208,0,42120,2015,41,306690,11,4,1837,312060,30094,0,415935,NA,-13,137,0.00159108989657916
"NB","2022-03-01 18:28:44",2021-05-12,9,0,1483,0,0,22,6438,795,0,0,2024,41,308173,11,4,1859,318498,30889,0,415935,NA,-13,124,0.00606877950101146
"NB","2022-03-01 18:28:44",2021-05-13,16,0,1371,-1,-1,12,9135,412,0,0,2040,41,309544,10,3,1871,327633,31301,0,415935,NA,4,128,0.0116703136396791
"NB","2022-03-01 18:28:44",2021-05-14,5,0,1362,0,0,16,10494,829,0,0,2045,41,310906,10,3,1887,338127,32130,0,415935,NA,-11,117,0.00367107195301028
"NB","2022-03-01 18:28:44",2021-05-15,7,0,1704,1,0,10,11535,594,0,0,2052,41,312610,11,3,1897,349662,32724,0,415935,NA,-3,114,0.00410798122065728
"NB","2022-03-01 18:28:44",2021-05-16,11,0,1378,0,0,8,5792,114,0,0,2063,41,313988,11,3,1905,355454,32838,0,415935,NA,3,117,0.00798258345428157
"NB","2022-03-01 18:28:44",2021-05-17,10,0,1126,-1,0,8,1459,19,0,0,2073,41,315114,10,3,1913,356913,32857,0,415935,NA,2,119,0.0088809946714032
"NB","2022-03-01 18:28:44",2021-05-18,10,1,1385,-1,0,6,6429,385,0,0,2083,42,316499,9,3,1919,363342,33242,0,415935,NA,3,122,0.0072202166064982
"NB","2022-03-01 18:28:44",2021-05-19,8,1,1791,2,1,12,9967,682,0,0,2091,43,318290,11,4,1931,373309,33924,0,415935,NA,-5,117,0.00446677833612507
"NB","2022-03-01 18:28:44",2021-05-20,7,0,1581,-4,-1,6,12649,829,0,54450,2098,43,319871,7,3,1937,385958,34753,0,470385,NA,1,118,0.00442757748260595
"NB","2022-03-01 18:28:44",2021-05-21,15,0,1611,0,0,5,13751,570,0,0,2113,43,321482,7,3,1942,399709,35323,0,470385,NA,10,128,0.00931098696461825
"NB","2022-03-01 18:28:44",2021-05-22,2,0,1249,0,0,7,11762,379,0,0,2115,43,322731,7,3,1949,411471,35702,0,470385,NA,-5,123,0.00160128102481986
"NB","2022-03-01 18:28:44",2021-05-23,14,0,1097,1,1,8,8296,255,0,0,2129,43,323828,8,4,1957,419767,35957,0,470385,NA,6,129,0.0127620783956244
"NB","2022-03-01 18:28:44",2021-05-24,15,0,929,-1,0,9,2243,56,0,0,2144,43,324757,7,4,1966,422010,36013,0,470385,NA,6,135,0.0161463939720129
"NB","2022-03-01 18:28:44",2021-05-25,9,0,1101,-2,-3,9,1909,33,0,21300,2153,43,325858,5,1,1975,423919,36046,0,491685,NA,0,135,0.00817438692098093
"NB","2022-03-01 18:28:44",2021-05-26,10,0,1772,1,1,10,6265,251,0,0,2163,43,327630,6,2,1985,430184,36297,0,491685,NA,0,135,0.00564334085778781
"NB","2022-03-01 18:28:44",2021-05-27,9,0,1768,2,1,6,10154,808,0,42120,2172,43,329398,8,3,1991,440338,37105,0,533805,NA,3,138,0.00509049773755656
"NB","2022-03-01 18:28:44",2021-05-28,9,0,1682,-1,0,7,11025,894,0,0,2181,43,331080,7,3,1998,451363,37999,0,533805,NA,2,140,0.00535077288941736
"NB","2022-03-01 18:28:44",2021-05-29,10,0,1655,0,0,6,9679,816,0,0,2191,43,332735,7,3,2004,461042,38815,0,533805,NA,4,144,0.00604229607250755
"NB","2022-03-01 18:28:44",2021-05-30,9,0,977,0,0,9,9080,818,0,0,2200,43,333712,7,3,2013,470122,39633,0,533805,NA,0,144,0.00921187308085977
"NB","2022-03-01 18:28:44",2021-05-31,12,0,655,0,0,9,4005,539,0,0,2212,43,334367,7,3,2022,474127,40172,0,533805,NA,3,147,0.0183206106870229
"NB","2022-03-01 18:28:44",2021-06-01,3,0,1547,-1,-1,7,6656,740,0,300,2215,43,335914,6,2,2029,480783,40912,0,534105,NA,-4,143,0.00193923723335488
"NB","2022-03-01 18:28:44",2021-06-02,12,0,2500,1,0,14,8797,1138,0,0,2227,43,338414,7,2,2043,489580,42050,0,534105,NA,-2,141,0.0048
"NB","2022-03-01 18:28:44",2021-06-03,16,1,1092,-2,0,9,9910,1112,0,57440,2243,44,339506,5,2,2052,499490,43162,0,591545,NA,6,147,0.0146520146520147
"NB","2022-03-01 18:28:44",2021-06-04,10,0,1369,0,0,9,12350,1275,0,0,2253,44,340875,5,2,2061,511840,44437,0,591545,NA,1,148,0.00730460189919649
"NB","2022-03-01 18:28:44",2021-06-05,9,0,1337,0,0,7,9059,1209,0,0,2262,44,342212,5,2,2068,520899,45646,0,591545,NA,2,150,0.00673148840688108
"NB","2022-03-01 18:28:44",2021-06-06,3,0,853,0,0,19,3440,547,0,0,2265,44,343065,5,2,2087,524339,46193,0,591545,NA,-16,134,0.00351699882766706
"NB","2022-03-01 18:28:44",2021-06-07,1,0,864,-1,0,23,10461,1199,0,0,2266,44,343929,4,2,2110,534800,47392,0,591545,NA,-22,112,0.00115740740740741
"NB","2022-03-01 18:28:44",2021-06-08,1,0,1384,0,0,13,4791,971,0,0,2267,44,345313,4,2,2123,539591,48363,0,591545,NA,-12,100,0.000722543352601156
"NB","2022-03-01 18:28:44",2021-06-09,13,0,1167,0,0,7,11534,2233,0,0,2280,44,346480,4,2,2130,551125,50596,0,591545,NA,6,106,0.0111396743787489
"NB","2022-03-01 18:28:44",2021-06-10,3,0,1021,0,0,7,9634,5488,0,0,2283,44,347501,4,2,2137,560759,56084,0,591545,NA,-4,102,0.0029382957884427
"NB","2022-03-01 18:28:44",2021-06-11,1,0,1336,0,0,5,13631,7930,0,51140,2284,44,348837,4,2,2142,574390,64014,0,642685,NA,-4,98,0.000748502994011976
"NB","2022-03-01 18:28:44",2021-06-12,7,1,1234,0,0,10,9465,5672,0,0,2291,45,350071,4,2,2152,583855,69686,0,642685,NA,-4,94,0.00567260940032415
"NB","2022-03-01 18:28:44",2021-06-13,7,0,697,0,0,3,8655,5559,0,0,2298,45,350768,4,2,2155,592510,75245,0,642685,NA,4,98,0.0100430416068867
"NB","2022-03-01 18:28:44",2021-06-14,1,0,620,3,1,8,3903,2473,0,0,2299,45,351388,7,3,2163,596413,77718,0,642685,NA,-7,91,0.00161290322580645
"NB","2022-03-01 18:28:44",2021-06-15,3,0,1118,1,0,8,6481,4263,0,0,2302,45,352506,8,3,2171,602894,81981,0,642685,NA,-5,86,0.00268336314847943
"NB","2022-03-01 18:28:44",2021-06-16,3,0,1128,-2,-1,30,9132,7141,0,0,2305,45,353634,6,2,2201,612026,89122,0,642685,NA,-27,59,0.00265957446808511
"NB","2022-03-01 18:28:44",2021-06-17,4,0,1171,0,0,1,10755,9021,0,50310,2309,45,354805,6,2,2202,622781,98143,0,692995,NA,3,62,0.00341588385994876
"NB","2022-03-01 18:28:44",2021-06-18,2,0,916,0,0,9,13229,11812,0,0,2311,45,355721,6,2,2211,636010,109955,0,692995,NA,-7,55,0.00218340611353712
"NB","2022-03-01 18:28:44",2021-06-19,5,0,708,0,0,4,13100,11822,0,0,2316,45,356429,6,2,2215,649110,121777,0,692995,NA,1,56,0.00706214689265537
"NB","2022-03-01 18:28:44",2021-06-20,2,0,505,0,0,1,9676,8194,0,0,2318,45,356934,6,2,2216,658786,129971,0,692995,NA,1,57,0.00396039603960396
"NB","2022-03-01 18:28:44",2021-06-21,0,0,407,-1,0,2,3601,2856,0,0,2318,45,357341,5,2,2218,662387,132827,0,692995,NA,-2,55,0
"NB","2022-03-01 18:28:44",2021-06-22,1,0,773,0,0,6,6654,6293,0,59640,2319,45,358114,5,2,2224,669041,139120,0,752635,NA,-5,50,0.00129366106080207
"NB","2022-03-01 18:28:44",2021-06-23,1,0,494,0,0,7,10675,10284,0,0,2320,45,358608,5,2,2231,679716,149404,0,752635,NA,-6,44,0.00202429149797571
"NB","2022-03-01 18:28:44",2021-06-24,2,0,680,1,0,5,13992,12457,0,0,2322,45,359288,6,2,2236,693708,161861,0,752635,NA,-3,41,0.00294117647058824
"NB","2022-03-01 18:28:44",2021-06-25,1,0,513,-2,-1,3,15019,13208,0,106680,2323,45,359801,4,1,2239,708727,175069,0,859315,NA,-2,39,0.00194931773879142
"NB","2022-03-01 18:28:44",2021-06-26,1,0,609,0,0,6,16315,14858,0,0,2324,45,360410,4,1,2245,725042,189927,0,859315,NA,-5,34,0.00164203612479475
"NB","2022-03-01 18:28:44",2021-06-27,1,0,635,0,0,9,14938,13463,0,0,2325,45,361045,4,1,2254,739980,203390,0,859315,NA,-8,26,0.0015748031496063
"NB","2022-03-01 18:28:44",2021-06-28,1,0,431,0,0,0,6353,5783,0,0,2326,45,361476,4,1,2254,746333,209173,0,859315,NA,1,27,0.00232018561484919
"NB","2022-03-01 18:28:44",2021-06-29,3,0,501,-1,-1,4,11759,10897,0,0,2329,45,361977,3,0,2258,758092,220070,0,859315,NA,-1,26,0.00598802395209581
"NB","2022-03-01 18:28:44",2021-06-30,3,0,658,1,0,4,14131,12947,0,0,2332,45,362635,4,0,2262,772223,233017,0,859315,NA,-1,25,0.00455927051671732
"NB","2022-03-01 18:28:44",2021-07-01,4,0,1143,1,0,3,18827,17299,0,0,2336,45,363778,5,0,2265,791050,250316,0,859315,NA,1,26,0.00349956255468067
"NB","2022-03-01 18:28:44",2021-07-02,0,0,0,0,0,0,8931,8186,0,156940,2336,45,363778,5,0,2265,799981,258502,0,1016255,NA,0,26,NA
"NB","2022-03-01 18:28:44",2021-07-03,0,0,473,0,0,3,8970,8338,0,0,2336,45,364251,5,0,2268,808951,266840,0,1016255,NA,-3,23,0
"NB","2022-03-01 18:28:44",2021-07-04,1,1,347,-1,0,1,8455,7763,0,0,2337,46,364598,4,0,2269,817406,274603,0,1016255,NA,-1,22,0.00288184438040346
"NB","2022-03-01 18:28:44",2021-07-05,1,0,461,0,0,4,5579,5085,0,0,2338,46,365059,4,0,2273,822985,279688,0,1016255,NA,-3,19,0.00216919739696312
"NB","2022-03-01 18:28:44",2021-07-06,-2,0,608,0,0,1,9870,8977,0,0,2336,46,365667,4,0,2274,832855,288665,0,1016255,NA,-3,16,-0.00328947368421053
"NB","2022-03-01 18:28:44",2021-07-07,0,0,565,-2,0,5,14743,13259,0,0,2336,46,366232,2,0,2279,847598,301924,0,1016255,NA,-5,11,0
"NB","2022-03-01 18:28:44",2021-07-08,0,0,695,0,0,1,14614,13070,0,24320,2336,46,366927,2,0,2280,862212,314994,0,1040575,NA,-1,10,0
"NB","2022-03-01 18:28:44",2021-07-09,0,0,724,0,0,2,15726,14149,0,0,2336,46,367651,2,0,2282,877938,329143,0,1040575,NA,-2,8,0
"NB","2022-03-01 18:28:44",2021-07-10,0,0,600,-1,0,1,12819,11440,0,0,2336,46,368251,1,0,2283,890757,340583,0,1040575,NA,-1,7,0
"NB","2022-03-01 18:28:44",2021-07-11,0,0,238,0,0,0,10004,8977,0,0,2336,46,368489,1,0,2283,900761,349560,0,1040575,NA,0,7,0
"NB","2022-03-01 18:28:44",2021-07-12,0,0,675,0,0,1,4530,4049,0,0,2336,46,369164,1,0,2284,905291,353609,0,1040575,NA,-1,6,0
"NB","2022-03-01 18:28:44",2021-07-13,0,0,878,-1,0,1,7847,6936,0,0,2336,46,370042,0,0,2285,913138,360545,0,1040575,NA,-1,5,0
"NB","2022-03-01 18:28:44",2021-07-14,0,0,693,0,0,2,11710,10468,0,0,2336,46,370735,0,0,2287,924848,371013,0,1040575,NA,-2,3,0
"NB","2022-03-01 18:28:44",2021-07-15,7,0,758,0,0,1,11963,10690,0,29250,2343,46,371493,0,0,2288,936811,381703,0,1069825,NA,6,9,0.00923482849604222
"NB","2022-03-01 18:28:44",2021-07-16,2,0,713,0,0,2,14265,12759,0,0,2345,46,372206,0,0,2290,951076,394462,0,1069825,NA,0,9,0.00280504908835905
"NB","2022-03-01 18:28:44",2021-07-17,0,0,692,0,0,0,7842,6947,0,0,2345,46,372898,0,0,2290,958918,401409,0,1069825,NA,0,9,0
"NB","2022-03-01 18:28:44",2021-07-18,1,0,277,0,0,0,1460,1233,0,0,2346,46,373175,0,0,2290,960378,402642,0,1069825,NA,1,10,0.0036101083032491
"NB","2022-03-01 18:28:44",2021-07-19,0,0,396,0,0,1,414,371,0,0,2346,46,373571,0,0,2291,960792,403013,0,1069825,NA,-1,9,0
"NB","2022-03-01 18:28:44",2021-07-20,0,0,747,0,0,1,12774,11219,0,60060,2346,46,374318,0,0,2292,973566,414232,0,1129885,NA,-1,8,0
"NB","2022-03-01 18:28:44",2021-07-21,0,0,1174,0,0,0,7561,6464,0,0,2346,46,375492,0,0,2292,981127,420696,0,1129885,NA,0,8,0
"NB","2022-03-01 18:28:44",2021-07-22,1,0,251,0,0,0,8302,7176,0,0,2347,46,375743,0,0,2292,989429,427872,0,1129885,NA,1,9,0.00398406374501992
"NB","2022-03-01 18:28:44",2021-07-23,3,0,727,0,0,1,8369,7006,0,0,2350,46,376470,0,0,2293,997798,434878,0,1129885,NA,2,11,0.00412654745529574
"NB","2022-03-01 18:28:44",2021-07-24,0,0,564,0,0,0,7303,6145,0,0,2350,46,377034,0,0,2293,1005101,441023,0,1129885,NA,0,11,0
"NB","2022-03-01 18:28:44",2021-07-25,0,0,434,0,0,4,5447,4668,0,0,2350,46,377468,0,0,2297,1010548,445691,0,1129885,NA,-4,7,0
"NB","2022-03-01 18:28:44",2021-07-26,1,0,378,0,0,1,1352,1139,0,64350,2351,46,377846,0,0,2298,1011900,446830,0,1194235,NA,0,7,0.00264550264550265
"NB","2022-03-01 18:28:44",2021-07-27,1,0,676,0,0,0,2451,1954,0,0,2352,46,378522,0,0,2298,1014351,448784,0,1194235,NA,1,8,0.0014792899408284
"NB","2022-03-01 18:28:44",2021-07-28,2,0,597,0,0,1,5583,4539,0,0,2354,46,379119,0,0,2299,1019934,453323,0,1194235,NA,1,9,0.0033500837520938
"NB","2022-03-01 18:28:44",2021-07-29,4,0,580,0,0,0,5913,4892,0,76050,2358,46,379699,0,0,2299,1025847,458215,0,1270285,NA,4,13,0.00689655172413793
"NB","2022-03-01 18:28:44",2021-07-30,7,0,748,0,0,0,5592,4565,0,0,2365,46,380447,0,0,2299,1031439,462780,0,1270285,NA,7,20,0.00935828877005348
"NB","2022-03-01 18:28:44",2021-07-31,0,0,0,0,0,0,0,0,0,0,2365,46,380447,0,0,2299,1031439,462780,0,1270285,NA,0,20,NA
"NB","2022-03-01 18:28:44",2021-08-01,18,0,0,0,0,0,9435,7737,0,0,2383,46,380447,0,0,2299,1040874,470517,0,1270285,NA,18,38,Inf
"NB","2022-03-01 18:28:44",2021-08-02,0,0,0,0,0,0,0,0,0,0,2383,46,380447,0,0,2299,1040874,470517,0,1270285,NA,0,38,NA
"NB","2022-03-01 18:28:44",2021-08-03,11,0,2107,0,0,4,2020,1501,0,-9270,2394,46,382554,0,0,2303,1042894,472018,0,1261015,NA,7,45,0.00522069292833412
"NB","2022-03-01 18:28:44",2021-08-04,2,0,593,0,0,5,1258,941,0,0,2396,46,383147,0,0,2308,1044152,472959,0,1261015,NA,-3,42,0.00337268128161889
"NB","2022-03-01 18:28:44",2021-08-05,13,0,1103,0,0,3,3715,2913,0,0,2409,46,384250,0,0,2311,1047867,475872,0,1261015,NA,10,52,0.0117860380779692
"NB","2022-03-01 18:28:44",2021-08-06,5,0,803,0,0,1,3700,2878,0,0,2414,46,385053,0,0,2312,1051567,478750,0,1261015,NA,4,56,0.0062266500622665
"NB","2022-03-01 18:28:44",2021-08-07,0,0,0,0,0,0,0,0,0,0,2414,46,385053,0,0,2312,1051567,478750,0,1261015,NA,0,56,NA
"NB","2022-03-01 18:28:44",2021-08-08,20,0,0,0,0,0,0,0,0,0,2434,46,385053,0,0,2312,1051567,478750,0,1261015,NA,20,76,Inf
"NB","2022-03-01 18:28:44",2021-08-09,5,0,2107,0,0,14,6593,4952,0,0,2439,46,387160,0,0,2326,1058160,483702,0,1261015,NA,-9,67,0.00237304224015187
"NB","2022-03-01 18:28:44",2021-08-10,8,0,1155,0,0,10,1510,1166,0,45000,2447,46,388315,0,0,2336,1059670,484868,0,1306015,NA,-2,65,0.00692640692640693
"NB","2022-03-01 18:28:44",2021-08-11,13,0,949,0,0,6,2155,1693,0,0,2460,46,389264,0,0,2342,1061825,486561,0,1306015,NA,7,72,0.0136986301369863
"NB","2022-03-01 18:28:44",2021-08-12,11,0,933,0,0,14,3086,2382,0,0,2471,46,390197,0,0,2356,1064911,488943,0,1306015,NA,-3,69,0.0117899249732047
"NB","2022-03-01 18:28:44",2021-08-13,19,0,1112,0,0,3,3590,2656,0,0,2490,46,391309,0,0,2359,1068501,491599,0,1306015,NA,16,85,0.0170863309352518
"NB","2022-03-01 18:28:44",2021-08-14,0,0,0,0,0,0,0,0,0,0,2490,46,391309,0,0,2359,1068501,491599,0,1306015,NA,0,85,NA
"NB","2022-03-01 18:28:44",2021-08-15,0,0,0,0,0,0,0,0,0,0,2490,46,391309,0,0,2359,1068501,491599,0,1306015,NA,0,85,NA
"NB","2022-03-01 18:28:44",2021-08-16,40,0,1771,0,0,19,5018,3739,0,0,2530,46,393080,0,0,2378,1073519,495338,0,1306015,NA,21,106,0.0225861095426313
"NB","2022-03-01 18:28:44",2021-08-17,13,0,1408,1,0,8,612,417,0,0,2543,46,394488,1,0,2386,1074131,495755,0,1306015,NA,5,111,0.00923295454545455
"NB","2022-03-01 18:28:44",2021-08-18,16,0,1139,0,0,11,3740,2462,0,0,2559,46,395627,1,0,2397,1077871,498217,0,1306015,NA,5,116,0.0140474100087796
"NB","2022-03-01 18:28:44",2021-08-19,23,0,1229,0,0,6,1884,1321,0,0,2582,46,396856,1,0,2403,1079755,499538,0,1306015,NA,17,133,0.0187144019528072
"NB","2022-03-01 18:28:44",2021-08-20,32,0,1052,0,0,12,2814,2060,0,0,2614,46,397908,1,0,2415,1082569,501598,0,1306015,NA,20,153,0.0304182509505703
"NB","2022-03-01 18:28:44",2021-08-21,0,0,0,0,0,0,0,0,0,0,2614,46,397908,1,0,2415,1082569,501598,0,1306015,NA,0,153,NA
"NB","2022-03-01 18:28:44",2021-08-22,0,0,0,0,0,0,0,0,0,0,2614,46,397908,1,0,2415,1082569,501598,0,1306015,NA,0,153,NA
"NB","2022-03-01 18:28:44",2021-08-23,58,0,2244,2,0,37,4086,2838,0,0,2672,46,400152,3,0,2452,1086655,504436,0,1306015,NA,21,174,0.0258467023172906
"NB","2022-03-01 18:28:44",2021-08-24,15,0,1379,0,0,21,10682,9649,0,0,2687,46,401531,3,0,2473,1097337,514085,0,1306015,NA,-6,168,0.0108774474256708
"NB","2022-03-01 18:28:44",2021-08-25,10,0,1129,0,0,13,2570,1674,0,0,2697,46,402660,3,0,2486,1099907,515759,0,1306015,NA,-3,165,0.00885739592559787
"NB","2022-03-01 18:28:44",2021-08-26,8,0,2091,1,0,15,1590,1102,0,0,2705,46,404751,4,0,2501,1101497,516861,0,1306015,NA,-7,158,0.0038259206121473
"NB","2022-03-01 18:28:44",2021-08-27,16,0,1425,-1,0,13,2645,1640,0,0,2721,46,406176,3,0,2514,1104142,518501,0,1306015,NA,3,161,0.0112280701754386
"NB","2022-03-01 18:28:44",2021-08-28,0,0,0,0,0,0,0,0,0,0,2721,46,406176,3,0,2514,1104142,518501,0,1306015,NA,0,161,NA
"NB","2022-03-01 18:28:44",2021-08-29,0,0,0,0,0,0,0,0,0,0,2721,46,406176,3,0,2514,1104142,518501,0,1306015,NA,0,161,NA
"NB","2022-03-01 18:28:44",2021-08-30,39,0,2843,0,1,39,6017,3776,0,0,2760,46,409019,3,1,2553,1110159,522277,0,1306015,NA,0,161,0.0137179036229335
"NB","2022-03-01 18:28:44",2021-08-31,3,0,1265,0,0,26,2297,1473,0,0,2763,46,410284,3,1,2579,1112456,523750,0,1306015,NA,-23,138,0.00237154150197628
"NB","2022-03-01 18:28:44",2021-09-01,11,0,1419,0,0,21,2958,1853,0,0,2774,46,411703,3,1,2600,1115414,525603,0,1306015,NA,-10,128,0.00775193798449612
"NB","2022-03-01 18:28:44",2021-09-02,10,0,1033,0,0,16,1452,915,0,0,2784,46,412736,3,1,2616,1116866,526518,0,1306015,NA,-6,122,0.00968054211035818
"NB","2022-03-01 18:28:44",2021-09-03,14,0,995,0,1,9,2455,1545,0,0,2798,46,413731,3,2,2625,1119321,528063,0,1306015,NA,5,127,0.014070351758794
"NB","2022-03-01 18:28:44",2021-09-04,0,0,0,0,0,0,0,0,0,0,2798,46,413731,3,2,2625,1119321,528063,0,1306015,NA,0,127,NA
"NB","2022-03-01 18:28:44",2021-09-05,0,0,0,0,0,0,0,0,0,0,2798,46,413731,3,2,2625,1119321,528063,0,1306015,NA,0,127,NA
"NB","2022-03-01 18:28:44",2021-09-06,0,0,0,0,0,0,0,0,0,0,2798,46,413731,3,2,2625,1119321,528063,0,1306015,NA,0,127,NA
"NB","2022-03-01 18:28:44",2021-09-07,54,1,3234,1,1,54,3914,2451,0,0,2852,47,416965,4,3,2679,1123235,530514,0,1306015,NA,-1,126,0.0166975881261596
"NB","2022-03-01 18:28:44",2021-09-08,16,0,1452,1,1,29,981,572,0,0,2868,47,418417,5,4,2708,1124216,531086,0,1306015,NA,-13,113,0.0110192837465565
"NB","2022-03-01 18:28:44",2021-09-09,17,0,1011,1,0,8,1164,619,0,0,2885,47,419428,6,4,2716,1125380,531705,0,1306015,NA,9,122,0.0168150346191889
"NB","2022-03-01 18:28:44",2021-09-10,24,0,1300,0,-1,9,2042,1286,0,0,2909,47,420728,6,3,2725,1127422,532991,0,1306015,NA,15,137,0.0184615384615385
"NB","2022-03-01 18:28:44",2021-09-11,0,0,0,0,0,0,0,0,0,0,2909,47,420728,6,3,2725,1127422,532991,0,1306015,NA,0,137,NA
"NB","2022-03-01 18:28:44",2021-09-12,0,0,0,0,0,0,0,0,0,0,2909,47,420728,6,3,2725,1127422,532991,0,1306015,NA,0,137,NA
"NB","2022-03-01 18:28:44",2021-09-13,122,0,3486,5,6,29,4053,2584,0,0,3031,47,424214,11,9,2754,1131475,535575,0,1306015,NA,93,230,0.0349971313826736
"NB","2022-03-01 18:28:44",2021-09-14,35,0,1586,0,-1,20,608,401,0,0,3066,47,425800,11,8,2774,1132083,535976,0,1306015,NA,15,245,0.0220680958385876
"NB","2022-03-01 18:28:44",2021-09-15,63,1,1850,1,-1,13,2070,1186,0,0,3129,48,427650,12,7,2787,1134153,537162,0,1306015,NA,49,294,0.0340540540540541
"NB","2022-03-01 18:28:44",2021-09-16,51,0,2231,3,2,8,951,510,0,0,3180,48,429881,15,9,2795,1135104,537672,0,1306015,NA,43,337,0.0228597041685343
"NB","2022-03-01 18:28:44",2021-09-17,57,0,2613,2,1,23,3777,1812,0,0,3237,48,432494,17,10,2818,1138881,539484,0,1306015,NA,34,371,0.0218140068886338
"NB","2022-03-01 18:28:44",2021-09-18,0,0,0,0,0,0,0,0,0,0,3237,48,432494,17,10,2818,1138881,539484,0,1306015,NA,0,371,NA
"NB","2022-03-01 18:28:44",2021-09-19,0,0,0,0,0,0,0,0,0,0,3237,48,432494,17,10,2818,1138881,539484,0,1306015,NA,0,371,NA
"NB","2022-03-01 18:28:44",2021-09-20,199,0,5289,6,4,85,5045,2468,0,0,3436,48,437783,23,14,2903,1143926,541952,0,1306015,NA,114,485,0.03762525997353
"NB","2022-03-01 18:28:44",2021-09-21,65,0,3126,1,1,40,1518,671,0,0,3501,48,440909,24,15,2943,1145444,542623,0,1306015,NA,25,510,0.0207933461292386
"NB","2022-03-01 18:28:44",2021-09-22,76,1,2300,2,0,27,2337,1023,0,0,3577,49,443209,26,15,2970,1147781,543646,0,1306015,NA,48,558,0.0330434782608696
"NB","2022-03-01 18:28:44",2021-09-23,52,0,2758,1,-3,35,4552,2204,0,0,3629,49,445967,27,12,3005,1152333,545850,0,1306015,NA,17,575,0.018854242204496
"NB","2022-03-01 18:28:44",2021-09-24,78,3,2835,4,3,76,3560,1636,0,0,3707,52,448802,31,15,3081,1155893,547486,0,1306015,NA,-1,574,0.0275132275132275
"NB","2022-03-01 18:28:44",2021-09-25,0,0,0,0,0,0,0,0,0,0,3707,52,448802,31,15,3081,1155893,547486,0,1306015,NA,0,574,NA
"NB","2022-03-01 18:28:44",2021-09-26,143,2,4695,2,0,86,8392,4069,0,0,3850,54,453497,33,15,3167,1164285,551555,0,1306015,NA,55,629,0.030457933972311
"NB","2022-03-01 18:28:44",2021-09-27,86,0,2003,8,1,64,1378,520,0,0,3936,54,455500,41,16,3231,1165663,552075,0,1306015,NA,22,651,0.0429355966050924
"NB","2022-03-01 18:28:44",2021-09-28,68,2,3531,-1,0,84,3765,1684,0,0,4004,56,459031,40,16,3315,1169428,553759,0,1306015,NA,-18,633,0.0192580005664118
"NB","2022-03-01 18:28:44",2021-09-29,84,1,2927,0,0,58,3837,1877,0,0,4088,57,461958,40,16,3373,1173265,555636,0,1306015,NA,25,658,0.0286983259309874
"NB","2022-03-01 18:28:44",2021-09-30,99,2,2593,0,0,64,2849,1379,0,0,4187,59,464551,40,16,3437,1176114,557015,0,1306015,NA,33,691,0.0381797146162746
"NB","2022-03-01 18:28:44",2021-10-01,85,1,2542,1,-1,97,3067,1476,0,0,4272,60,467093,41,15,3534,1179181,558491,0,1306015,NA,-13,678,0.0334382376081825
"NB","2022-03-01 18:28:44",2021-10-02,0,0,0,0,0,0,0,0,0,0,4272,60,467093,41,15,3534,1179181,558491,0,1306015,NA,0,678,NA
"NB","2022-03-01 18:28:44",2021-10-03,233,6,4691,4,5,145,4255,2036,0,0,4505,66,471784,45,20,3679,1183436,560527,0,1306015,NA,82,760,0.0496695800468983
"NB","2022-03-01 18:28:44",2021-10-04,75,2,1810,4,1,65,934,464,0,0,4580,68,473594,49,21,3744,1184370,560991,0,1306015,NA,8,768,0.0414364640883978
"NB","2022-03-01 18:28:44",2021-10-05,90,1,3120,1,2,74,2349,1109,0,0,4670,69,476714,50,23,3818,1186719,562100,0,1306015,NA,15,783,0.0288461538461538
"NB","2022-03-01 18:28:44",2021-10-06,71,1,2678,1,2,77,2189,1084,0,0,4741,70,479392,51,25,3895,1188908,563184,0,1306015,NA,-7,776,0.0265123226288275
"NB","2022-03-01 18:28:44",2021-10-07,116,0,2655,4,6,66,2874,1156,0,0,4857,70,482047,55,31,3961,1191782,564340,0,1306015,NA,50,826,0.0436911487758945
"NB","2022-03-01 18:28:44",2021-10-08,130,2,3285,3,-1,72,1626,684,0,0,4987,72,485332,58,30,4033,1193408,565024,0,1306015,NA,56,882,0.0395738203957382
"NB","2022-03-01 18:28:44",2021-10-09,0,0,0,0,0,0,0,0,0,0,4987,72,485332,58,30,4033,1193408,565024,0,1306015,NA,0,882,NA
"NB","2022-03-01 18:28:44",2021-10-10,0,0,0,0,0,0,0,0,0,0,4987,72,485332,58,30,4033,1193408,565024,0,1306015,NA,0,882,NA
"NB","2022-03-01 18:28:44",2021-10-11,271,3,6117,-2,-10,112,5475,2331,0,0,5258,75,491449,56,20,4145,1198883,567355,0,1306015,NA,156,1038,0.0443027627922184
"NB","2022-03-01 18:28:44",2021-10-12,109,0,2182,7,7,54,1088,499,0,0,5367,75,493631,63,27,4199,1199971,567854,0,1306015,NA,55,1093,0.0499541704857928
"NB","2022-03-01 18:28:44",2021-10-13,82,5,2993,5,0,95,1313,568,0,0,5449,80,496624,68,27,4294,1201284,568422,0,1306015,NA,-18,1075,0.0273972602739726
"NB","2022-03-01 18:28:44",2021-10-14,133,2,2390,-5,-8,102,1894,972,0,0,5582,82,499014,63,19,4396,1203178,569394,0,1306015,NA,29,1104,0.0556485355648536
"NB","2022-03-01 18:28:44",2021-10-15,87,2,2421,-3,-1,124,3566,2172,0,0,5669,84,501435,60,18,4520,1206744,571566,0,1306015,NA,-39,1065,0.0359355638166047
"NB","2022-03-01 18:28:44",2021-10-16,0,0,0,0,0,0,0,0,0,0,5669,84,501435,60,18,4520,1206744,571566,0,1306015,NA,0,1065,NA
"NB","2022-03-01 18:28:44",2021-10-17,124,6,4319,-3,0,247,4010,2203,0,0,5793,90,505754,57,18,4767,1210754,573769,0,1306015,NA,-129,936,0.0287103496179671
"NB","2022-03-01 18:28:44",2021-10-18,53,1,1189,4,2,138,721,420,0,0,5846,91,506943,61,20,4905,1211475,574189,0,1306015,NA,-86,850,0.0445752733389403
"NB","2022-03-01 18:28:44",2021-10-19,50,3,2366,-4,-2,122,2318,1240,0,0,5896,94,509309,57,18,5027,1213793,575429,0,1306015,NA,-75,775,0.0211327134404057
"NB","2022-03-01 18:28:44",2021-10-20,69,5,2000,-2,-2,77,2208,1486,0,0,5965,99,511309,55,16,5104,1216001,576915,0,1306015,NA,-13,762,0.0345
"NB","2022-03-01 18:28:44",2021-10-21,67,2,1574,0,0,63,2326,1611,0,9370,6032,101,512883,55,16,5167,1218327,578526,0,1315385,NA,2,764,0.042566709021601
"NB","2022-03-01 18:28:44",2021-10-22,40,5,1045508,-5,-1,67,2477,1768,0,0,6072,106,1558391,50,15,5234,1220804,580294,0,1315385,NA,-32,732,3.82589133703425e-05
"NB","2022-03-01 18:28:44",2021-10-23,0,0,0,0,0,0,0,0,0,0,6072,106,1558391,50,15,5234,1220804,580294,0,1315385,NA,0,732,NA
"NB","2022-03-01 18:28:44",2021-10-24,91,2,-1041031,-9,-4,193,3635,2598,0,0,6163,108,517360,41,11,5427,1224439,582892,0,1315385,NA,-104,628,-8.74133431185046e-05
"NB","2022-03-01 18:28:44",2021-10-25,22,3,1188,-2,3,57,1638,1218,0,0,6185,111,518548,39,14,5484,1226077,584110,0,1315385,NA,-38,590,0.0185185185185185
"NB","2022-03-01 18:28:44",2021-10-26,21,0,0,1,0,89,967,786,0,0,6206,111,518548,40,14,5573,1227044,584896,0,1315385,NA,-68,522,Inf
"NB","2022-03-01 18:28:44",2021-10-27,57,1,0,-7,1,44,2302,1740,0,0,6263,112,518548,33,15,5617,1229346,586636,0,1315385,NA,12,534,Inf
"NB","2022-03-01 18:28:44",2021-10-28,69,2,0,-2,1,51,2171,1506,0,0,6332,114,518548,31,16,5668,1231517,588142,0,1315385,NA,16,550,Inf
"NB","2022-03-01 18:28:44",2021-10-29,0,0,0,0,0,0,0,0,0,0,6332,114,518548,31,16,5668,1231517,588142,0,1315385,NA,0,550,NA
"NB","2022-03-01 18:28:44",2021-10-30,0,0,0,0,0,0,0,0,0,0,6332,114,518548,31,16,5668,1231517,588142,0,1315385,NA,0,550,NA
"NB","2022-03-01 18:28:44",2021-10-31,113,3,8767,-8,-3,146,4815,3567,0,0,6445,117,527315,23,13,5814,1236332,591709,0,1315385,NA,-36,514,0.0128892437549903
"NB","2022-03-01 18:28:44",2021-11-01,31,0,507,1,3,38,650,512,0,0,6476,117,527822,24,16,5852,1236982,592221,0,1315385,NA,-7,507,0.0611439842209073
"NB","2022-03-01 18:28:44",2021-11-02,40,1,408,0,-2,75,1291,900,0,0,6516,118,528230,24,14,5927,1238273,593121,0,1315385,NA,-36,471,0.0980392156862745
"NB","2022-03-01 18:28:44",2021-11-03,60,1,269,-5,-1,71,1033,716,0,0,6576,119,528499,19,13,5998,1239306,593837,0,1315385,NA,-12,459,0.223048327137546
"NB","2022-03-01 18:28:44",2021-11-04,39,1,300,-1,-1,32,1095,762,0,0,6615,120,528799,18,12,6030,1240401,594599,0,1315385,NA,6,465,0.13
"NB","2022-03-01 18:28:44",2021-11-05,51,1,299,-4,-3,37,1773,1425,0,0,6666,121,529098,14,9,6067,1242174,596024,0,1315385,NA,13,478,0.17056856187291
"NB","2022-03-01 18:28:44",2021-11-06,0,0,0,0,0,0,0,0,0,0,6666,121,529098,14,9,6067,1242174,596024,0,1315385,NA,0,478,NA
"NB","2022-03-01 18:28:44",2021-11-07,103,0,840,1,0,107,2490,1970,0,0,6769,121,529938,15,9,6174,1244664,597994,0,1315385,NA,-4,474,0.122619047619048
"NB","2022-03-01 18:28:44",2021-11-08,44,0,782,2,0,13,529,430,0,0,6813,121,530720,17,9,6187,1245193,598424,0,1315385,NA,31,505,0.0562659846547315
"NB","2022-03-01 18:28:44",2021-11-09,52,0,1304,-1,1,0,994,752,0,0,6865,121,532024,16,10,6187,1246187,599176,0,1315385,NA,52,557,0.0398773006134969
"NB","2022-03-01 18:28:44",2021-11-10,69,0,1126,1,1,77,1044,717,0,0,6934,121,533150,17,11,6264,1247231,599893,0,1315385,NA,-8,549,0.0612788632326821
"NB","2022-03-01 18:28:44",2021-11-11,70,0,1146,1,0,38,1580,1116,0,0,7004,121,534296,18,11,6302,1248811,601009,0,1315385,NA,32,581,0.0610820244328098
"NB","2022-03-01 18:28:44",2021-11-12,65,0,778,1,0,65,13,10,0,0,7069,121,535074,19,11,6367,1248824,601019,0,1315385,NA,0,581,0.083547557840617
"NB","2022-03-01 18:28:44",2021-11-13,0,0,0,0,0,0,0,0,0,0,7069,121,535074,19,11,6367,1248824,601019,0,1315385,NA,0,581,NA
"NB","2022-03-01 18:28:44",2021-11-14,125,1,1049,1,1,170,2662,2108,0,0,7194,122,536123,20,12,6537,1251486,603127,0,1315385,NA,-46,535,0.119161105815062
"NB","2022-03-01 18:28:44",2021-11-15,40,0,1885,1,2,49,345,280,0,136840,7234,122,538008,21,14,6586,1251831,603407,0,1452225,NA,-9,526,0.0212201591511936
"NB","2022-03-01 18:28:44",2021-11-16,34,0,1770,1,0,43,1180,902,0,0,7268,122,539778,22,14,6629,1253011,604309,0,1452225,NA,-9,517,0.0192090395480226
"NB","2022-03-01 18:28:44",2021-11-17,82,0,1137,8,2,33,1835,1393,0,0,7350,122,540915,30,16,6662,1254846,605702,0,1452225,NA,49,566,0.0721196130167106
"NB","2022-03-01 18:28:44",2021-11-18,72,0,1263,-2,-2,71,726,548,0,0,7422,122,542178,28,14,6733,1255572,606250,0,1452225,NA,1,567,0.0570071258907363
"NB","2022-03-01 18:28:44",2021-11-19,90,0,1381,0,2,49,1644,1201,0,0,7512,122,543559,28,16,6782,1257216,607451,0,1452225,NA,41,608,0.0651701665459812
"NB","2022-03-01 18:28:44",2021-11-20,0,0,0,0,0,0,0,0,0,0,7512,122,543559,28,16,6782,1257216,607451,0,1452225,NA,0,608,NA
"NB","2022-03-01 18:28:44",2021-11-21,0,0,0,0,0,0,0,0,0,0,7512,122,543559,28,16,6782,1257216,607451,0,1452225,NA,0,608,NA
"NB","2022-03-01 18:28:44",2021-11-22,219,0,3641,5,-1,179,2096,1567,0,0,7731,122,547200,33,15,6961,1259312,609018,0,1452225,NA,40,648,0.0601483109035979
"NB","2022-03-01 18:28:44",2021-11-23,75,1,1837,12,3,56,346,269,0,0,7806,123,549037,45,18,7017,1259658,609287,0,1452225,NA,18,666,0.0408274360370169
"NB","2022-03-01 18:28:44",2021-11-24,87,0,1821,0,1,60,874,585,0,0,7893,123,550858,45,19,7077,1260532,609872,0,1452225,NA,27,693,0.0477759472817133
"NB","2022-03-01 18:28:44",2021-11-25,95,0,1584,9,-1,44,1307,918,0,0,7988,123,552442,54,18,7121,1261839,610790,0,1452225,NA,51,744,0.0599747474747475
"NB","2022-03-01 18:28:44",2021-11-26,99,0,1798,2,0,55,750,548,0,0,8087,123,554240,56,18,7176,1262589,611338,0,1452225,NA,44,788,0.0550611790878754
"NB","2022-03-01 18:28:44",2021-11-27,0,0,0,0,0,0,0,0,0,0,8087,123,554240,56,18,7176,1262589,611338,0,1452225,NA,0,788,NA
"NB","2022-03-01 18:28:44",2021-11-28,130,0,2267,6,-1,124,3540,1402,0,0,8217,123,556507,62,17,7300,1266129,612740,0,1452225,NA,6,794,0.0573445081605646
"NB","2022-03-01 18:28:44",2021-11-29,46,1,1203,2,0,132,-3524,183,0,0,8263,124,557710,64,17,7432,1262605,612923,0,1452225,NA,-87,707,0.0382377389858687
"NB","2022-03-01 18:28:44",2021-11-30,55,1,2077,2,-2,93,1144,267,0,0,8318,125,559787,66,15,7525,1263749,613190,0,1452225,NA,-39,668,0.0264805007221955
"NB","2022-03-01 18:28:44",2021-12-01,93,3,1596,1,0,81,1793,474,0,0,8411,128,561383,67,15,7606,1265542,613664,0,1452225,NA,9,677,0.0582706766917293
"NB","2022-03-01 18:28:44",2021-12-02,95,2,1761,-8,1,78,1741,674,0,0,8506,130,563144,59,16,7684,1267283,614338,0,1452225,NA,15,692,0.053946621237933
"NB","2022-03-01 18:28:44",2021-12-03,97,2,1822,-10,0,75,1293,492,0,86620,8603,132,564966,49,16,7759,1268576,614830,0,1538845,NA,20,712,0.053238199780461
"NB","2022-03-01 18:28:44",2021-12-04,0,0,0,0,0,0,0,0,0,0,8603,132,564966,49,16,7759,1268576,614830,0,1538845,NA,0,712,NA
"NB","2022-03-01 18:28:44",2021-12-05,195,1,2226,-3,0,153,2290,430,0,0,8798,133,567192,46,16,7912,1270866,615260,0,1538845,NA,41,753,0.0876010781671159
"NB","2022-03-01 18:28:44",2021-12-06,71,3,1193,3,2,60,1433,445,0,0,8869,136,568385,49,18,7972,1272299,615705,0,1538845,NA,8,761,0.0595138306789606
"NB","2022-03-01 18:28:44",2021-12-07,69,0,2272,-2,0,77,1101,218,0,0,8938,136,570657,47,18,8049,1273400,615923,0,1538845,NA,-8,753,0.0303697183098592
"NB","2022-03-01 18:28:44",2021-12-08,111,0,1477,-4,0,82,2125,554,0,0,9049,136,572134,43,18,8131,1275525,616477,0,1538845,NA,29,782,0.0751523358158429
"NB","2022-03-01 18:28:44",2021-12-09,174,2,2144,-3,-2,61,1633,485,0,0,9223,138,574278,40,16,8192,1277158,616962,0,1538845,NA,111,893,0.0811567164179104
"NB","2022-03-01 18:28:44",2021-12-10,143,1,1693,-4,-4,63,65222,425,63198,0,9366,139,575971,36,12,8255,1342380,617387,63198,1538845,NA,79,972,0.0844654459539279
"NB","2022-03-01 18:28:44",2021-12-11,0,0,0,0,0,0,0,0,0,0,9366,139,575971,36,12,8255,1342380,617387,63198,1538845,NA,0,972,NA
"NB","2022-03-01 18:28:44",2021-12-12,238,1,3179,3,2,188,3992,241,2344,0,9604,140,579150,39,14,8443,1346372,617628,65542,1538845,NA,49,1021,0.0748663101604278
"NB","2022-03-01 18:28:44",2021-12-13,100,2,1198,2,0,69,5682,299,3801,0,9704,142,580348,41,14,8512,1352054,617927,69343,1538845,NA,29,1050,0.0834724540901502
"NB","2022-03-01 18:28:44",2021-12-14,109,2,2556,3,0,104,4332,329,3063,0,9813,144,582904,44,14,8616,1356386,618256,72406,1538845,NA,3,1053,0.0426447574334898
"NB","2022-03-01 18:28:44",2021-12-15,160,0,2355,-2,0,70,5811,326,4064,0,9973,144,585259,42,14,8686,1362197,618582,76470,1538845,NA,90,1143,0.0679405520169851
"NB","2022-03-01 18:28:44",2021-12-16,177,0,1970,-1,1,81,8259,571,6567,0,10150,144,587229,41,15,8767,1370456,619153,83037,1538845,NA,96,1239,0.0898477157360406
"NB","2022-03-01 18:28:44",2021-12-17,163,2,1637,4,-1,143,7266,268,6131,65520,10313,146,588866,45,14,8910,1377722,619421,89168,1604365,NA,18,1257,0.0995723885155773
"NB","2022-03-01 18:28:44",2021-12-18,133,2,2155,-5,-1,154,8185,391,6848,0,10446,148,591021,40,13,9064,1385907,619812,96016,1604365,NA,-23,1234,0.0617169373549884
"NB","2022-03-01 18:28:44",2021-12-19,108,0,1190,3,0,82,5180,208,3942,0,10554,148,592211,43,13,9146,1391087,620020,99958,1604365,NA,26,1260,0.0907563025210084
"NB","2022-03-01 18:28:44",2021-12-20,118,0,1295,-1,4,107,5825,209,5020,0,10672,148,593506,42,17,9253,1396912,620229,104978,1604365,NA,11,1271,0.0911196911196911
"NB","2022-03-01 18:28:44",2021-12-21,156,0,2874,-1,0,157,7058,270,6088,0,10828,148,596380,41,17,9410,1403970,620499,111066,1604365,NA,-1,1270,0.0542797494780793
"NB","2022-03-01 18:28:44",2021-12-22,237,1,2684,-1,0,98,7223,313,5943,0,11065,149,599064,40,17,9508,1411193,620812,117009,1604365,NA,138,1408,0.088301043219076
"NB","2022-03-01 18:28:44",2021-12-23,257,2,2459,-1,-1,98,10214,429,9196,0,11322,151,601523,39,16,9606,1421407,621241,126205,1604365,NA,157,1565,0.104514030093534
"NB","2022-03-01 18:28:44",2021-12-24,265,1,2015,-5,-1,174,8444,293,7261,0,11587,152,603538,34,15,9780,1429851,621534,133466,1604365,NA,90,1655,0.13151364764268
"NB","2022-03-01 18:28:44",2021-12-25,0,0,0,0,0,0,0,0,0,0,11587,152,603538,34,15,9780,1429851,621534,133466,1604365,NA,0,1655,NA
"NB","2022-03-01 18:28:44",2021-12-26,0,0,0,0,0,0,0,0,0,0,11587,152,603538,34,15,9780,1429851,621534,133466,1604365,NA,0,1655,NA
"NB","2022-03-01 18:28:44",2021-12-27,0,0,0,0,0,0,0,0,0,0,11587,152,603538,34,15,9780,1429851,621534,133466,1604365,NA,0,1655,NA
"NB","2022-03-01 18:28:44",2021-12-28,945,4,6081,4,-2,577,5024,137,4339,0,12532,156,609619,38,13,10357,1434875,621671,137805,1604365,NA,364,2019,0.155402072027627
"NB","2022-03-01 18:28:44",2021-12-29,486,1,2289,5,4,121,2800,99,2407,0,13018,157,611908,43,17,10478,1437675,621770,140212,1604365,NA,364,2383,0.212319790301442
"NB","2022-03-01 18:28:44",2021-12-30,572,2,3140,-3,-1,111,7514,299,6595,77600,13590,159,615048,40,16,10589,1445189,622069,146807,1681965,NA,459,2842,0.182165605095541
"NB","2022-03-01 18:28:44",2021-12-31,682,1,3149,5,5,190,6856,326,5600,0,14272,160,618197,45,21,10779,1452045,622395,152407,1681965,NA,491,3333,0.21657669101302
"NB","2022-03-01 18:28:44",2022-01-01,0,0,0,0,0,0,0,0,0,0,14272,160,618197,45,21,10779,1452045,622395,152407,1681965,NA,0,3333,NA
"NB","2022-03-01 18:28:44",2022-01-02,0,0,0,0,0,0,0,0,0,0,14272,160,618197,45,21,10779,1452045,622395,152407,1681965,NA,0,3333,NA
"NB","2022-03-01 18:28:44",2022-01-03,2548,2,6357,6,-4,435,7460,257,6483,0,16820,162,624554,51,17,11214,1459505,622652,158890,1681965,NA,2111,5444,0.40081799591002
"NB","2022-03-01 18:28:44",2022-01-04,746,3,2299,5,-1,73,1013,77,683,0,17566,165,626853,56,16,11287,1460518,622729,159573,1681965,NA,670,6114,0.324488908220966
"NB","2022-03-01 18:28:44",2022-01-05,779,3,3668,3,0,65,5587,268,4785,0,18345,168,630521,59,16,11352,1466105,622997,164358,1681965,NA,711,6825,0.212377317339149
"NB","2022-03-01 18:28:44",2022-01-06,672,1,1856,4,3,227,6333,273,5611,0,19017,169,632377,63,19,11579,1472438,623270,169969,1681965,NA,444,7269,0.362068965517241
"NB","2022-03-01 18:28:44",2022-01-07,840,1,1991,6,-2,548,8613,358,7561,0,19857,170,634368,69,17,12127,1481051,623628,177530,1681965,NA,291,7560,0.421898543445505
"NB","2022-03-01 18:28:44",2022-01-08,421,1,2346,11,0,80,7764,264,6754,0,20278,171,636714,80,17,12207,1488815,623892,184284,1681965,NA,340,7900,0.179454390451833
"NB","2022-03-01 18:28:44",2022-01-09,201,1,1054,-1,-1,165,7608,280,6683,0,20479,172,637768,79,16,12372,1496423,624172,190967,1681965,NA,35,7935,0.190702087286528
"NB","2022-03-01 18:28:44",2022-01-10,220,0,1720,7,-3,485,4256,113,3849,0,20699,172,639488,86,13,12857,1500679,624285,194816,1681965,NA,-265,7670,0.127906976744186
"NB","2022-03-01 18:28:44",2022-01-11,191,1,2657,2,1,511,4795,222,4281,0,20890,173,642145,88,14,13368,1505474,624507,199097,1681965,NA,-321,7349,0.0718855852465186
"NB","2022-03-01 18:28:44",2022-01-12,359,1,2037,6,-4,647,8343,381,7326,0,21249,174,644182,94,10,14015,1513817,624888,206423,1681965,NA,-289,7060,0.176239567992145
"NB","2022-03-01 18:28:44",2022-01-13,304,4,2620,10,-1,745,9803,359,8808,0,21553,178,646802,104,9,14760,1523620,625247,215231,1681965,NA,-445,6615,0.116030534351145
"NB","2022-03-01 18:28:44",2022-01-14,426,4,2933,-1,2,0,9390,374,8546,0,21979,182,649735,103,11,14760,1533010,625621,223777,1681965,NA,422,7037,0.145243777702012
"NB","2022-03-01 18:28:44",2022-01-15,0,0,0,0,0,0,0,0,0,0,21979,182,649735,103,11,14760,1533010,625621,223777,1681965,NA,0,7037,NA
"NB","2022-03-01 18:28:44",2022-01-16,789,5,4237,12,3,2554,9062,286,8420,0,22768,187,653972,115,14,17314,1542072,625907,232197,1681965,NA,-1770,5267,0.186216662733066
"NB","2022-03-01 18:28:44",2022-01-17,405,2,1952,-2,2,754,0,0,0,0,23173,189,655924,113,16,18068,1542072,625907,232197,1681965,NA,-351,4916,0.207479508196721
"NB","2022-03-01 18:28:44",2022-01-18,330,3,3281,0,-1,673,14997,501,13384,0,23503,192,659205,113,15,18741,1557069,626408,245581,1681965,NA,-346,4570,0.100579091740323
"NB","2022-03-01 18:28:44",2022-01-19,498,4,3134,10,-4,766,8033,282,7170,74720,24001,196,662339,123,11,19507,1565102,626690,252751,1756685,NA,-272,4298,0.158902361199745
"NB","2022-03-01 18:28:44",2022-01-20,488,3,4580,1,1,392,10130,307,9159,0,24489,199,666919,124,12,19899,1575232,626997,261910,1756685,NA,93,4391,0.106550218340611
"NB","2022-03-01 18:28:44",2022-01-21,514,2,2093,1,2,184,11065,395,10077,210310,25003,201,669012,125,14,20083,1586297,627392,271987,1966995,NA,328,4719,0.245580506450072
"NB","2022-03-01 18:28:44",2022-01-22,0,0,0,0,0,0,0,0,0,0,25003,201,669012,125,14,20083,1586297,627392,271987,1966995,NA,0,4719,NA
"NB","2022-03-01 18:28:44",2022-01-23,1007,8,2916,1,-4,460,17576,1274,15036,0,26010,209,671928,126,10,20543,1603873,628666,287023,1966995,NA,539,5258,0.345336076817558
"NB","2022-03-01 18:28:44",2022-01-24,381,3,1366,5,2,285,3626,233,3141,0,26391,212,673294,131,12,20828,1607499,628899,290164,1966995,NA,93,5351,0.27891654465593
"NB","2022-03-01 18:28:44",2022-01-25,350,3,3103,7,-1,337,7086,649,5889,0,26741,215,676397,138,11,21165,1614585,629548,296053,1966995,NA,10,5361,0.112794070254592
"NB","2022-03-01 18:28:44",2022-01-26,520,6,2649,-1,-3,557,8029,456,6946,0,27261,221,679046,137,8,21722,1622614,630004,302999,1966995,NA,-43,5318,0.196300490751227
"NB","2022-03-01 18:28:44",2022-01-27,388,3,3482,4,0,347,8291,824,7056,0,27649,224,682528,141,8,22069,1630905,630828,310055,1966995,NA,38,5356,0.111430212521539
"NB","2022-03-01 18:28:44",2022-01-28,396,4,2570,-6,8,336,8749,842,7401,0,28045,228,685098,135,16,22405,1639654,631670,317456,1966995,NA,56,5412,0.15408560311284
"NB","2022-03-01 18:28:44",2022-01-29,0,0,0,0,0,0,0,0,0,0,28045,228,685098,135,16,22405,1639654,631670,317456,1966995,NA,0,5412,NA
"NB","2022-03-01 18:28:44",2022-01-30,671,5,2763,29,-3,616,13844,1612,11506,0,28716,233,687861,164,13,23021,1653498,633282,328962,1966995,NA,50,5462,0.242851972493666
"NB","2022-03-01 18:28:44",2022-01-31,169,5,631,-12,3,783,2458,878,1380,0,28885,238,688492,152,16,23804,1655956,634160,330342,1966995,NA,-619,4843,0.267828843106181
"NB","2022-03-01 18:28:44",2022-02-01,228,5,2117,10,1,656,3072,528,2309,0,29113,243,690609,162,17,24460,1659028,634688,332651,1966995,NA,-433,4410,0.107699574870099
"NB","2022-03-01 18:28:44",2022-02-02,381,4,1992,3,-1,414,4594,1048,3102,0,29494,247,692601,165,16,24874,1663622,635736,335753,1966995,0,-37,4373,0.191265060240964
"NB","2022-03-01 18:28:44",2022-02-03,411,4,2152,0,-2,766,4772,822,3605,0,29905,251,694753,165,14,25640,1668394,636558,339358,1966995,0,-359,4014,0.190985130111524
"NB","2022-03-01 18:28:44",2022-02-04,401,1,1819,-2,3,496,5999,1841,3782,0,30306,252,696572,163,17,26136,1674393,638399,343140,1966995,0,-96,3918,0.220450797141286
"NB","2022-03-01 18:28:44",2022-02-05,0,0,0,0,0,0,0,0,0,0,30306,252,696572,163,17,26136,1674393,638399,343140,1966995,0,0,3918,NA
"NB","2022-03-01 18:28:44",2022-02-06,450,7,1734,-4,0,805,6721,1805,4481,0,30756,259,698306,159,17,26941,1681114,640204,347621,1966995,0,-362,3556,0.259515570934256
"NB","2022-03-01 18:28:44",2022-02-07,261,4,1118,-8,-1,357,2438,882,1416,0,31017,263,699424,151,16,27298,1683552,641086,349037,1966995,0,-100,3456,0.23345259391771
"NB","2022-03-01 18:28:44",2022-02-08,259,6,2205,0,1,348,1903,623,1111,0,31276,269,701629,151,17,27646,1685455,641709,350148,1966995,0,-95,3361,0.117460317460317
"NB","2022-03-01 18:28:44",2022-02-09,321,6,1909,-12,-2,359,2225,675,1305,0,31597,275,703538,139,15,28005,1687680,642384,351453,1966995,0,-44,3317,0.168150864326873
"NB","2022-03-01 18:28:44",2022-02-10,351,3,1529,1,0,267,2744,732,1730,0,31948,278,705067,140,15,28272,1690424,643116,353183,1966995,0,81,3398,0.229561805101373
"NB","2022-03-01 18:28:44",2022-02-11,359,4,1766,-5,-2,157,3081,795,1971,0,32307,282,706833,135,13,28429,1693505,643911,355154,1966995,0,198,3596,0.203284258210646
"NB","2022-03-01 18:28:44",2022-02-12,0,0,0,0,0,0,0,0,0,0,32307,282,706833,135,13,28429,1693505,643911,355154,1966995,0,0,3596,NA
"NB","2022-03-01 18:28:44",2022-02-13,569,8,2964,-19,2,582,5619,1504,3690,0,32876,290,709797,116,15,29011,1699124,645415,358844,1966995,0,-21,3575,0.191970310391363
"NB","2022-03-01 18:28:44",2022-02-14,190,2,847,-4,-2,396,1470,419,949,0,33066,292,710644,112,13,29407,1700594,645834,359793,1966995,0,-208,3367,0.224321133412042
"NB","2022-03-01 18:28:44",2022-02-15,276,1,1640,-11,-2,391,1781,585,1004,0,33342,293,712284,101,11,29798,1702375,646419,360797,1966995,0,-116,3251,0.168292682926829
"NB","2022-03-01 18:28:44",2022-02-16,305,3,1494,-12,-2,289,2747,715,1761,0,33647,296,713778,89,9,30087,1705122,647134,362558,1966995,0,13,3264,0.204149933065596
"NB","2022-03-01 18:28:44",2022-02-17,321,1,1549,-10,0,141,2963,636,2078,0,33968,297,715327,79,9,30228,1708085,647770,364636,1966995,0,179,3443,0.207230471271788
"NB","2022-03-01 18:28:44",2022-02-18,254,1,1797,-1,-1,260,2210,547,1513,0,34222,298,717124,78,8,30488,1710295,648317,366149,1966995,0,-7,3436,0.141346688925988
"NB","2022-03-01 18:28:44",2022-02-19,0,0,0,0,0,0,0,0,0,0,34222,298,717124,78,8,30488,1710295,648317,366149,1966995,0,0,3436,NA
"NB","2022-03-01 18:28:44",2022-02-20,0,0,0,0,0,0,0,0,0,0,34222,298,717124,78,8,30488,1710295,648317,366149,1966995,0,0,3436,NA
"NB","2022-03-01 18:28:44",2022-02-21,0,0,0,0,0,0,0,0,0,0,34222,298,717124,78,8,30488,1710295,648317,366149,1966995,0,0,3436,NA
"NB","2022-03-01 18:28:44",2022-02-22,1148,2,4446,0,0,1267,7399,2801,4426,0,35370,300,721570,78,8,31755,1717694,651118,370575,1966995,0,-121,3315,0.258209626630679
"NB","2022-03-01 18:28:44",2022-02-23,300,0,1775,-4,-2,304,1407,455,678,0,35670,300,723345,74,6,32059,1719101,651573,371253,1966995,0,-4,3311,0.169014084507042
"NB","2022-03-01 18:28:44",2022-02-24,365,0,1712,3,-1,266,1241,264,851,0,36035,300,725057,77,5,32325,1720342,651837,372104,1966995,0,99,3410,0.213200934579439
"NB","2022-03-01 18:28:44",2022-02-25,382,1,2324,-5,-2,409,1946,665,1092,0,36417,301,727381,72,3,32734,1722288,652502,373196,1966995,0,-28,3382,0.164371772805508
"NB","2022-03-01 18:28:44",2022-02-26,0,0,0,0,0,0,0,0,0,0,36417,301,727381,72,3,32734,1722288,652502,373196,1966995,0,0,3382,NA
"NB","2022-03-01 18:28:44",2022-02-27,0,0,0,0,0,0,0,0,0,0,36417,301,727381,72,3,32734,1722288,652502,373196,1966995,0,0,3382,NA
"NB","2022-03-01 18:28:44",2022-02-28,1065,3,4048,17,0,900,2696,858,1675,0,37482,304,731429,89,3,33634,1724984,653360,374871,1966995,0,162,3544,0.263092885375494
"NB","2022-03-01 18:28:44",2022-03-01,0,0,0,0,0,0,0,0,0,0,37482,304,731429,89,3,33634,1724984,653360,374871,1966995,0,0,3544,NA
